,primary_care_case,primary_care_suspect_case,first_pos_test_sgss,a_e_consult,ons_covid_death,stp
2020-02-01,0.0,0.0,0.0,0.0,0.0,STP1
2020-02-02,0.0,0.0,0.0,0.0,0.0,STP1
2020-02-03,0.0,0.0,0.0,0.0,0.0,STP1
2020-02-04,0.0,0.0,0.0,0.0,0.0,STP1
2020-02-05,0.0,0.0,0.0,0.0,0.0,STP1
2020-02-06,0.0,0.0,0.0,0.0,0.0,STP1
2020-02-07,0.0,1.0,0.0,0.0,0.0,STP1
2020-02-08,0.0,0.0,0.0,0.0,0.0,STP1
2020-02-09,0.0,0.0,0.0,0.0,0.0,STP1
2020-02-10,0.0,0.0,0.0,0.0,0.0,STP1
2020-02-11,0.0,0.0,0.0,0.0,0.0,STP1
2020-02-12,0.0,0.0,0.0,0.0,0.0,STP1
2020-02-13,0.0,0.0,0.0,0.0,0.0,STP1
2020-02-14,0.0,1.0,0.0,0.0,0.0,STP1
2020-02-15,0.0,0.0,0.0,0.0,0.0,STP1
2020-02-16,0.0,0.0,0.0,0.0,0.0,STP1
2020-02-17,0.0,0.0,0.0,0.0,0.0,STP1
2020-02-18,0.0,0.0,0.0,0.0,0.0,STP1
2020-02-19,0.0,0.0,0.0,0.0,0.0,STP1
2020-02-20,0.0,0.0,0.0,0.0,0.0,STP1
2020-02-21,0.0,0.0,0.0,0.0,0.0,STP1
2020-02-22,0.0,0.0,0.0,0.0,1.0,STP1
2020-02-23,0.0,0.0,0.0,0.0,0.0,STP1
2020-02-24,0.0,0.0,0.0,0.0,0.0,STP1
2020-02-25,0.0,0.0,0.0,0.0,0.0,STP1
2020-02-26,0.0,0.0,0.0,0.0,0.0,STP1
2020-02-27,0.0,0.0,0.0,0.0,0.0,STP1
2020-02-28,0.0,0.0,0.0,0.0,0.0,STP1
2020-02-29,0.0,0.0,0.0,0.0,0.0,STP1
2020-03-01,0.0,0.0,0.0,0.0,0.0,STP1
2020-03-02,0.0,0.0,0.0,0.0,0.0,STP1
2020-03-03,0.0,0.0,0.0,0.0,0.0,STP1
2020-03-04,0.0,0.0,0.0,0.0,0.0,STP1
2020-03-05,0.0,0.0,0.0,0.0,0.0,STP1
2020-03-06,0.0,0.0,0.0,0.0,0.0,STP1
2020-03-07,0.0,0.0,0.0,0.0,0.0,STP1
2020-03-08,0.0,0.0,0.0,0.0,0.0,STP1
2020-03-09,0.0,0.0,0.0,1.0,0.0,STP1
2020-03-10,0.0,0.0,0.0,0.0,0.0,STP1
2020-03-11,0.0,0.0,0.0,0.0,0.0,STP1
2020-03-12,1.0,0.0,0.0,0.0,0.0,STP1
2020-03-13,0.0,0.0,0.0,0.0,0.0,STP1
2020-03-14,0.0,1.0,0.0,1.0,0.0,STP1
2020-03-15,0.0,0.0,0.0,0.0,0.0,STP1
2020-03-16,0.0,0.0,0.0,0.0,0.0,STP1
2020-03-17,0.0,0.0,0.0,0.0,0.0,STP1
2020-03-18,0.0,0.0,0.0,0.0,0.0,STP1
2020-03-19,0.0,0.0,0.0,0.0,1.0,STP1
2020-03-20,1.0,0.0,0.0,0.0,0.0,STP1
2020-03-21,0.0,0.0,0.0,1.0,0.0,STP1
2020-03-22,0.0,0.0,0.0,1.0,0.0,STP1
2020-03-23,0.0,1.0,0.0,0.0,0.0,STP1
2020-03-24,0.0,0.0,0.0,0.0,0.0,STP1
2020-03-25,0.0,0.0,0.0,0.0,0.0,STP1
2020-03-26,0.0,0.0,0.0,0.0,0.0,STP1
2020-03-27,0.0,1.0,0.0,0.0,0.0,STP1
2020-03-28,0.0,0.0,0.0,0.0,0.0,STP1
2020-03-29,1.0,1.0,0.0,0.0,0.0,STP1
2020-03-30,0.0,0.0,0.0,1.0,1.0,STP1
2020-03-31,0.0,1.0,0.0,0.0,0.0,STP1
2020-04-01,0.0,0.0,0.0,0.0,1.0,STP1
2020-04-02,0.0,0.0,0.0,0.0,0.0,STP1
2020-04-03,0.0,0.0,0.0,0.0,0.0,STP1
2020-04-04,1.0,2.0,0.0,0.0,1.0,STP1
2020-04-05,0.0,0.0,0.0,0.0,0.0,STP1
2020-04-06,1.0,2.0,0.0,1.0,1.0,STP1
2020-04-07,1.0,1.0,0.0,0.0,0.0,STP1
2020-04-08,0.0,0.0,0.0,1.0,0.0,STP1
2020-04-09,0.0,0.0,0.0,0.0,0.0,STP1
2020-04-10,0.0,0.0,0.0,1.0,0.0,STP1
2020-04-11,0.0,0.0,0.0,1.0,0.0,STP1
2020-04-12,0.0,2.0,0.0,2.0,0.0,STP1
2020-04-13,0.0,0.0,0.0,0.0,0.0,STP1
2020-04-14,1.0,0.0,0.0,0.0,1.0,STP1
2020-04-15,0.0,1.0,0.0,0.0,1.0,STP1
2020-04-16,2.0,0.0,0.0,4.0,0.0,STP1
2020-04-17,1.0,1.0,0.0,2.0,0.0,STP1
2020-04-18,2.0,2.0,0.0,2.0,2.0,STP1
2020-04-19,2.0,1.0,0.0,0.0,1.0,STP1
2020-04-20,1.0,2.0,0.0,1.0,0.0,STP1
2020-04-21,3.0,1.0,0.0,2.0,0.0,STP1
2020-04-22,2.0,3.0,0.0,2.0,1.0,STP1
2020-04-23,2.0,1.0,0.0,2.0,3.0,STP1
2020-04-24,0.0,3.0,0.0,1.0,1.0,STP1
2020-04-25,0.0,3.0,0.0,1.0,1.0,STP1
2020-04-26,2.0,2.0,0.0,1.0,1.0,STP1
2020-04-27,3.0,2.0,0.0,2.0,4.0,STP1
2020-04-28,2.0,2.0,0.0,1.0,0.0,STP1
2020-04-29,3.0,2.0,0.0,4.0,0.0,STP1
2020-04-30,2.0,2.0,1.0,1.0,0.0,STP1
2020-05-01,2.0,3.0,0.0,5.0,1.0,STP1
2020-05-02,2.0,2.0,1.0,2.0,0.0,STP1
2020-05-03,4.0,4.0,0.0,2.0,3.0,STP1
2020-05-04,3.0,3.0,2.0,3.0,0.0,STP1
2020-05-05,2.0,5.0,0.0,4.0,0.0,STP1
2020-05-06,3.0,2.0,1.0,3.0,2.0,STP1
2020-05-07,2.0,7.0,1.0,4.0,1.0,STP1
2020-05-08,1.0,7.0,0.0,3.0,4.0,STP1
2020-05-09,3.0,2.0,1.0,9.0,4.0,STP1
2020-05-10,5.0,2.0,1.0,6.0,2.0,STP1
2020-05-11,3.0,7.0,3.0,8.0,3.0,STP1
2020-05-12,7.0,3.0,3.0,9.0,0.0,STP1
2020-05-13,4.0,8.0,1.0,7.0,3.0,STP1
2020-05-14,3.0,5.0,2.0,10.0,4.0,STP1
2020-05-15,5.0,4.0,2.0,3.0,1.0,STP1
2020-05-16,5.0,6.0,2.0,10.0,1.0,STP1
2020-05-17,5.0,4.0,3.0,2.0,7.0,STP1
2020-05-18,6.0,5.0,3.0,4.0,1.0,STP1
2020-05-19,10.0,8.0,1.0,2.0,4.0,STP1
2020-05-20,6.0,6.0,1.0,6.0,3.0,STP1
2020-05-21,12.0,15.0,5.0,5.0,6.0,STP1
2020-05-22,10.0,6.0,2.0,7.0,5.0,STP1
2020-05-23,16.0,8.0,4.0,17.0,5.0,STP1
2020-05-24,10.0,11.0,4.0,10.0,7.0,STP1
2020-05-25,10.0,19.0,3.0,11.0,7.0,STP1
2020-05-26,7.0,8.0,4.0,15.0,6.0,STP1
2020-05-27,12.0,15.0,6.0,13.0,4.0,STP1
2020-05-28,19.0,15.0,7.0,6.0,7.0,STP1
2020-05-29,19.0,12.0,3.0,18.0,6.0,STP1
2020-05-30,17.0,19.0,6.0,12.0,6.0,STP1
2020-05-31,15.0,22.0,2.0,23.0,9.0,STP1
2020-06-01,12.0,13.0,2.0,18.0,5.0,STP1
2020-06-02,20.0,15.0,3.0,24.0,0.0,STP1
2020-06-03,30.0,25.0,5.0,21.0,0.0,STP1
2020-06-04,20.0,17.0,9.0,27.0,0.0,STP1
2020-06-05,29.0,31.0,6.0,31.0,0.0,STP1
2020-06-06,19.0,20.0,9.0,35.0,0.0,STP1
2020-06-07,31.0,28.0,10.0,30.0,0.0,STP1
2020-06-08,42.0,34.0,7.0,30.0,0.0,STP1
2020-06-09,28.0,30.0,17.0,27.0,0.0,STP1
2020-06-10,32.0,34.0,16.0,39.0,0.0,STP1
2020-06-11,36.0,46.0,18.0,29.0,0.0,STP1
2020-06-12,32.0,47.0,20.0,45.0,0.0,STP1
2020-06-13,32.0,40.0,15.0,36.0,0.0,STP1
2020-06-14,48.0,38.0,23.0,38.0,0.0,STP1
2020-06-15,44.0,61.0,16.0,43.0,0.0,STP1
2020-06-16,46.0,55.0,21.0,47.0,0.0,STP1
2020-06-17,64.0,49.0,21.0,54.0,0.0,STP1
2020-06-18,58.0,61.0,23.0,64.0,0.0,STP1
2020-06-19,56.0,69.0,18.0,49.0,0.0,STP1
2020-06-20,69.0,68.0,31.0,72.0,0.0,STP1
2020-06-21,71.0,75.0,26.0,53.0,0.0,STP1
2020-06-22,60.0,65.0,27.0,71.0,0.0,STP1
2020-06-23,88.0,82.0,25.0,84.0,0.0,STP1
2020-06-24,79.0,79.0,24.0,84.0,0.0,STP1
2020-06-25,82.0,69.0,26.0,80.0,0.0,STP1
2020-06-26,89.0,101.0,30.0,95.0,0.0,STP1
2020-06-27,109.0,122.0,28.0,105.0,0.0,STP1
2020-06-28,110.0,116.0,37.0,96.0,0.0,STP1
2020-06-29,111.0,122.0,46.0,127.0,0.0,STP1
2020-06-30,113.0,136.0,41.0,137.0,0.0,STP1
2020-07-01,0.0,0.0,62.0,0.0,0.0,STP1
2020-02-01,0.0,0.0,0.0,0.0,0.0,STP10
2020-02-02,0.0,0.0,0.0,0.0,0.0,STP10
2020-02-03,0.0,0.0,0.0,0.0,0.0,STP10
2020-02-04,0.0,0.0,0.0,0.0,0.0,STP10
2020-02-05,0.0,0.0,0.0,0.0,0.0,STP10
2020-02-06,0.0,0.0,0.0,0.0,0.0,STP10
2020-02-07,0.0,0.0,0.0,0.0,0.0,STP10
2020-02-08,0.0,0.0,0.0,0.0,0.0,STP10
2020-02-09,0.0,0.0,0.0,0.0,0.0,STP10
2020-02-10,0.0,0.0,0.0,0.0,0.0,STP10
2020-02-11,0.0,0.0,0.0,0.0,0.0,STP10
2020-02-12,0.0,0.0,0.0,0.0,0.0,STP10
2020-02-13,0.0,0.0,0.0,0.0,0.0,STP10
2020-02-14,0.0,0.0,0.0,0.0,0.0,STP10
2020-02-15,0.0,0.0,0.0,0.0,0.0,STP10
2020-02-16,0.0,0.0,0.0,0.0,0.0,STP10
2020-02-17,0.0,0.0,0.0,0.0,0.0,STP10
2020-02-18,0.0,0.0,0.0,0.0,0.0,STP10
2020-02-19,0.0,0.0,0.0,0.0,0.0,STP10
2020-02-20,0.0,0.0,0.0,0.0,0.0,STP10
2020-02-21,0.0,0.0,0.0,0.0,0.0,STP10
2020-02-22,0.0,0.0,0.0,0.0,0.0,STP10
2020-02-23,0.0,0.0,0.0,0.0,0.0,STP10
2020-02-24,0.0,0.0,0.0,0.0,0.0,STP10
2020-02-25,0.0,0.0,0.0,0.0,0.0,STP10
2020-02-26,0.0,0.0,0.0,0.0,0.0,STP10
2020-02-27,0.0,0.0,0.0,0.0,0.0,STP10
2020-02-28,0.0,0.0,0.0,0.0,0.0,STP10
2020-02-29,0.0,0.0,0.0,0.0,0.0,STP10
2020-03-01,0.0,0.0,0.0,0.0,0.0,STP10
2020-03-02,0.0,0.0,0.0,0.0,0.0,STP10
2020-03-03,0.0,0.0,0.0,0.0,0.0,STP10
2020-03-04,0.0,0.0,0.0,0.0,0.0,STP10
2020-03-05,0.0,0.0,0.0,0.0,0.0,STP10
2020-03-06,0.0,1.0,0.0,0.0,0.0,STP10
2020-03-07,0.0,0.0,0.0,0.0,0.0,STP10
2020-03-08,0.0,0.0,0.0,0.0,0.0,STP10
2020-03-09,0.0,0.0,0.0,0.0,0.0,STP10
2020-03-10,0.0,0.0,0.0,0.0,0.0,STP10
2020-03-11,0.0,0.0,0.0,0.0,0.0,STP10
2020-03-12,0.0,0.0,0.0,0.0,0.0,STP10
2020-03-13,0.0,0.0,0.0,0.0,0.0,STP10
2020-03-14,0.0,0.0,0.0,1.0,0.0,STP10
2020-03-15,0.0,0.0,0.0,0.0,0.0,STP10
2020-03-16,0.0,1.0,0.0,0.0,0.0,STP10
2020-03-17,0.0,0.0,0.0,0.0,0.0,STP10
2020-03-18,0.0,0.0,0.0,0.0,0.0,STP10
2020-03-19,0.0,0.0,0.0,0.0,0.0,STP10
2020-03-20,0.0,2.0,0.0,0.0,0.0,STP10
2020-03-21,0.0,0.0,0.0,1.0,0.0,STP10
2020-03-22,0.0,1.0,0.0,0.0,0.0,STP10
2020-03-23,0.0,0.0,0.0,0.0,0.0,STP10
2020-03-24,1.0,0.0,0.0,0.0,0.0,STP10
2020-03-25,0.0,0.0,0.0,0.0,0.0,STP10
2020-03-26,1.0,1.0,0.0,0.0,0.0,STP10
2020-03-27,0.0,0.0,0.0,1.0,0.0,STP10
2020-03-28,0.0,0.0,0.0,0.0,1.0,STP10
2020-03-29,0.0,0.0,0.0,0.0,0.0,STP10
2020-03-30,0.0,1.0,0.0,0.0,0.0,STP10
2020-03-31,0.0,0.0,0.0,0.0,0.0,STP10
2020-04-01,0.0,2.0,0.0,0.0,1.0,STP10
2020-04-02,0.0,0.0,0.0,0.0,0.0,STP10
2020-04-03,1.0,0.0,0.0,0.0,0.0,STP10
2020-04-04,0.0,1.0,0.0,0.0,1.0,STP10
2020-04-05,0.0,1.0,0.0,0.0,0.0,STP10
2020-04-06,3.0,1.0,0.0,0.0,0.0,STP10
2020-04-07,1.0,1.0,0.0,1.0,0.0,STP10
2020-04-08,1.0,2.0,0.0,1.0,0.0,STP10
2020-04-09,1.0,1.0,0.0,0.0,1.0,STP10
2020-04-10,1.0,0.0,0.0,0.0,0.0,STP10
2020-04-11,0.0,0.0,0.0,1.0,2.0,STP10
2020-04-12,1.0,0.0,0.0,0.0,1.0,STP10
2020-04-13,0.0,0.0,0.0,0.0,0.0,STP10
2020-04-14,0.0,2.0,0.0,3.0,0.0,STP10
2020-04-15,1.0,0.0,1.0,0.0,1.0,STP10
2020-04-16,2.0,0.0,0.0,1.0,0.0,STP10
2020-04-17,2.0,1.0,0.0,2.0,2.0,STP10
2020-04-18,0.0,0.0,0.0,0.0,1.0,STP10
2020-04-19,0.0,1.0,0.0,1.0,1.0,STP10
2020-04-20,1.0,0.0,0.0,3.0,0.0,STP10
2020-04-21,3.0,0.0,0.0,2.0,1.0,STP10
2020-04-22,0.0,1.0,0.0,1.0,3.0,STP10
2020-04-23,3.0,3.0,0.0,1.0,2.0,STP10
2020-04-24,4.0,1.0,1.0,1.0,0.0,STP10
2020-04-25,2.0,0.0,0.0,0.0,0.0,STP10
2020-04-26,2.0,3.0,1.0,0.0,0.0,STP10
2020-04-27,2.0,3.0,0.0,1.0,2.0,STP10
2020-04-28,2.0,1.0,0.0,2.0,2.0,STP10
2020-04-29,1.0,0.0,0.0,3.0,2.0,STP10
2020-04-30,4.0,2.0,0.0,1.0,0.0,STP10
2020-05-01,0.0,2.0,0.0,9.0,4.0,STP10
2020-05-02,0.0,0.0,0.0,3.0,1.0,STP10
2020-05-03,6.0,2.0,1.0,2.0,1.0,STP10
2020-05-04,2.0,2.0,0.0,1.0,2.0,STP10
2020-05-05,1.0,4.0,1.0,2.0,0.0,STP10
2020-05-06,4.0,7.0,0.0,9.0,2.0,STP10
2020-05-07,4.0,6.0,2.0,4.0,1.0,STP10
2020-05-08,3.0,9.0,1.0,8.0,1.0,STP10
2020-05-09,5.0,5.0,3.0,3.0,1.0,STP10
2020-05-10,4.0,1.0,1.0,5.0,2.0,STP10
2020-05-11,3.0,6.0,1.0,5.0,0.0,STP10
2020-05-12,3.0,4.0,0.0,2.0,0.0,STP10
2020-05-13,4.0,6.0,0.0,4.0,3.0,STP10
2020-05-14,6.0,3.0,1.0,5.0,3.0,STP10
2020-05-15,3.0,7.0,1.0,4.0,5.0,STP10
2020-05-16,12.0,8.0,4.0,10.0,2.0,STP10
2020-05-17,6.0,6.0,1.0,4.0,1.0,STP10
2020-05-18,5.0,2.0,1.0,7.0,1.0,STP10
2020-05-19,10.0,9.0,3.0,9.0,1.0,STP10
2020-05-20,6.0,5.0,2.0,11.0,3.0,STP10
2020-05-21,14.0,7.0,0.0,9.0,4.0,STP10
2020-05-22,8.0,7.0,4.0,7.0,3.0,STP10
2020-05-23,14.0,14.0,5.0,15.0,4.0,STP10
2020-05-24,12.0,14.0,2.0,11.0,6.0,STP10
2020-05-25,7.0,16.0,0.0,13.0,2.0,STP10
2020-05-26,13.0,13.0,7.0,9.0,8.0,STP10
2020-05-27,7.0,13.0,4.0,19.0,6.0,STP10
2020-05-28,19.0,12.0,7.0,10.0,6.0,STP10
2020-05-29,13.0,14.0,4.0,15.0,4.0,STP10
2020-05-30,18.0,26.0,5.0,21.0,6.0,STP10
2020-05-31,22.0,26.0,8.0,14.0,12.0,STP10
2020-06-01,19.0,21.0,7.0,27.0,11.0,STP10
2020-06-02,17.0,22.0,3.0,23.0,0.0,STP10
2020-06-03,15.0,17.0,4.0,16.0,0.0,STP10
2020-06-04,25.0,19.0,6.0,30.0,0.0,STP10
2020-06-05,28.0,19.0,14.0,23.0,0.0,STP10
2020-06-06,26.0,23.0,10.0,36.0,0.0,STP10
2020-06-07,22.0,24.0,7.0,33.0,0.0,STP10
2020-06-08,25.0,18.0,3.0,24.0,0.0,STP10
2020-06-09,25.0,39.0,13.0,25.0,0.0,STP10
2020-06-10,38.0,30.0,8.0,28.0,0.0,STP10
2020-06-11,42.0,40.0,8.0,34.0,0.0,STP10
2020-06-12,45.0,39.0,16.0,33.0,0.0,STP10
2020-06-13,43.0,42.0,16.0,48.0,0.0,STP10
2020-06-14,49.0,41.0,16.0,47.0,0.0,STP10
2020-06-15,48.0,59.0,16.0,51.0,0.0,STP10
2020-06-16,54.0,47.0,14.0,60.0,0.0,STP10
2020-06-17,74.0,40.0,22.0,52.0,0.0,STP10
2020-06-18,58.0,63.0,17.0,59.0,0.0,STP10
2020-06-19,61.0,55.0,19.0,70.0,0.0,STP10
2020-06-20,62.0,66.0,31.0,65.0,0.0,STP10
2020-06-21,68.0,81.0,23.0,63.0,0.0,STP10
2020-06-22,80.0,59.0,22.0,74.0,0.0,STP10
2020-06-23,90.0,84.0,31.0,92.0,0.0,STP10
2020-06-24,77.0,84.0,32.0,83.0,0.0,STP10
2020-06-25,93.0,94.0,36.0,79.0,0.0,STP10
2020-06-26,96.0,90.0,37.0,105.0,0.0,STP10
2020-06-27,115.0,108.0,42.0,101.0,0.0,STP10
2020-06-28,101.0,112.0,37.0,107.0,0.0,STP10
2020-06-29,108.0,126.0,44.0,101.0,0.0,STP10
2020-06-30,132.0,100.0,41.0,125.0,0.0,STP10
2020-07-01,0.0,0.0,60.0,0.0,0.0,STP10
2020-02-01,0.0,0.0,0.0,0.0,0.0,STP2
2020-02-02,0.0,0.0,0.0,0.0,0.0,STP2
2020-02-03,0.0,0.0,0.0,0.0,0.0,STP2
2020-02-04,0.0,0.0,0.0,0.0,0.0,STP2
2020-02-05,0.0,0.0,0.0,0.0,0.0,STP2
2020-02-06,0.0,0.0,0.0,0.0,0.0,STP2
2020-02-07,0.0,0.0,0.0,0.0,0.0,STP2
2020-02-08,0.0,0.0,0.0,0.0,0.0,STP2
2020-02-09,0.0,0.0,0.0,0.0,0.0,STP2
2020-02-10,0.0,0.0,0.0,0.0,0.0,STP2
2020-02-11,0.0,0.0,0.0,0.0,0.0,STP2
2020-02-12,0.0,0.0,0.0,0.0,0.0,STP2
2020-02-13,0.0,0.0,0.0,0.0,0.0,STP2
2020-02-14,0.0,0.0,0.0,0.0,0.0,STP2
2020-02-15,0.0,0.0,0.0,0.0,0.0,STP2
2020-02-16,0.0,0.0,0.0,0.0,0.0,STP2
2020-02-17,1.0,0.0,0.0,0.0,0.0,STP2
2020-02-18,0.0,0.0,0.0,0.0,0.0,STP2
2020-02-19,0.0,0.0,0.0,1.0,0.0,STP2
2020-02-20,0.0,0.0,0.0,0.0,0.0,STP2
2020-02-21,0.0,0.0,0.0,0.0,0.0,STP2
2020-02-22,0.0,0.0,0.0,0.0,0.0,STP2
2020-02-23,0.0,0.0,0.0,0.0,0.0,STP2
2020-02-24,0.0,0.0,0.0,0.0,0.0,STP2
2020-02-25,0.0,0.0,0.0,0.0,0.0,STP2
2020-02-26,0.0,0.0,0.0,0.0,0.0,STP2
2020-02-27,0.0,0.0,0.0,0.0,0.0,STP2
2020-02-28,0.0,0.0,0.0,0.0,0.0,STP2
2020-02-29,0.0,0.0,0.0,0.0,0.0,STP2
2020-03-01,0.0,0.0,0.0,0.0,0.0,STP2
2020-03-02,0.0,0.0,0.0,0.0,0.0,STP2
2020-03-03,0.0,0.0,0.0,0.0,0.0,STP2
2020-03-04,0.0,0.0,0.0,0.0,0.0,STP2
2020-03-05,0.0,0.0,0.0,0.0,0.0,STP2
2020-03-06,0.0,0.0,0.0,0.0,0.0,STP2
2020-03-07,0.0,0.0,0.0,0.0,0.0,STP2
2020-03-08,0.0,1.0,0.0,0.0,0.0,STP2
2020-03-09,0.0,0.0,0.0,0.0,0.0,STP2
2020-03-10,0.0,0.0,0.0,0.0,0.0,STP2
2020-03-11,0.0,0.0,0.0,0.0,0.0,STP2
2020-03-12,0.0,0.0,0.0,0.0,0.0,STP2
2020-03-13,0.0,0.0,0.0,0.0,0.0,STP2
2020-03-14,0.0,0.0,0.0,0.0,0.0,STP2
2020-03-15,0.0,0.0,0.0,0.0,0.0,STP2
2020-03-16,0.0,0.0,0.0,0.0,0.0,STP2
2020-03-17,0.0,0.0,0.0,0.0,0.0,STP2
2020-03-18,0.0,1.0,0.0,0.0,0.0,STP2
2020-03-19,0.0,0.0,0.0,0.0,0.0,STP2
2020-03-20,0.0,0.0,0.0,0.0,0.0,STP2
2020-03-21,0.0,0.0,0.0,0.0,0.0,STP2
2020-03-22,0.0,0.0,0.0,0.0,0.0,STP2
2020-03-23,0.0,1.0,0.0,0.0,0.0,STP2
2020-03-24,0.0,0.0,0.0,0.0,0.0,STP2
2020-03-25,0.0,1.0,0.0,0.0,0.0,STP2
2020-03-26,0.0,0.0,0.0,0.0,0.0,STP2
2020-03-27,0.0,1.0,0.0,0.0,0.0,STP2
2020-03-28,0.0,1.0,0.0,0.0,0.0,STP2
2020-03-29,0.0,0.0,0.0,0.0,0.0,STP2
2020-03-30,0.0,0.0,0.0,1.0,0.0,STP2
2020-03-31,0.0,0.0,1.0,0.0,0.0,STP2
2020-04-01,0.0,0.0,0.0,0.0,1.0,STP2
2020-04-02,0.0,0.0,0.0,0.0,0.0,STP2
2020-04-03,0.0,2.0,0.0,0.0,0.0,STP2
2020-04-04,1.0,0.0,0.0,0.0,0.0,STP2
2020-04-05,0.0,1.0,0.0,0.0,0.0,STP2
2020-04-06,0.0,1.0,0.0,0.0,1.0,STP2
2020-04-07,0.0,1.0,0.0,0.0,1.0,STP2
2020-04-08,2.0,0.0,0.0,0.0,0.0,STP2
2020-04-09,0.0,1.0,0.0,0.0,0.0,STP2
2020-04-10,1.0,2.0,0.0,1.0,0.0,STP2
2020-04-11,1.0,0.0,0.0,1.0,2.0,STP2
2020-04-12,1.0,2.0,0.0,0.0,1.0,STP2
2020-04-13,1.0,1.0,0.0,0.0,0.0,STP2
2020-04-14,1.0,1.0,0.0,0.0,0.0,STP2
2020-04-15,2.0,0.0,0.0,0.0,2.0,STP2
2020-04-16,0.0,2.0,0.0,1.0,0.0,STP2
2020-04-17,1.0,2.0,1.0,1.0,0.0,STP2
2020-04-18,0.0,1.0,0.0,2.0,2.0,STP2
2020-04-19,2.0,0.0,0.0,3.0,4.0,STP2
2020-04-20,1.0,1.0,0.0,0.0,0.0,STP2
2020-04-21,2.0,1.0,0.0,0.0,1.0,STP2
2020-04-22,2.0,2.0,0.0,2.0,2.0,STP2
2020-04-23,0.0,2.0,0.0,1.0,0.0,STP2
2020-04-24,4.0,0.0,0.0,1.0,1.0,STP2
2020-04-25,1.0,0.0,0.0,1.0,0.0,STP2
2020-04-26,2.0,2.0,0.0,2.0,1.0,STP2
2020-04-27,1.0,3.0,0.0,0.0,0.0,STP2
2020-04-28,6.0,2.0,1.0,0.0,2.0,STP2
2020-04-29,1.0,1.0,1.0,3.0,1.0,STP2
2020-04-30,3.0,3.0,0.0,1.0,1.0,STP2
2020-05-01,3.0,3.0,1.0,0.0,0.0,STP2
2020-05-02,1.0,0.0,1.0,4.0,0.0,STP2
2020-05-03,5.0,2.0,1.0,3.0,2.0,STP2
2020-05-04,1.0,3.0,1.0,5.0,0.0,STP2
2020-05-05,3.0,3.0,2.0,5.0,0.0,STP2
2020-05-06,1.0,3.0,0.0,1.0,0.0,STP2
2020-05-07,5.0,4.0,0.0,8.0,1.0,STP2
2020-05-08,4.0,4.0,0.0,5.0,3.0,STP2
2020-05-09,5.0,2.0,1.0,2.0,0.0,STP2
2020-05-10,5.0,5.0,4.0,5.0,3.0,STP2
2020-05-11,7.0,9.0,1.0,8.0,4.0,STP2
2020-05-12,8.0,8.0,4.0,3.0,3.0,STP2
2020-05-13,3.0,2.0,4.0,9.0,5.0,STP2
2020-05-14,6.0,6.0,0.0,8.0,3.0,STP2
2020-05-15,5.0,11.0,3.0,4.0,4.0,STP2
2020-05-16,8.0,11.0,1.0,7.0,6.0,STP2
2020-05-17,4.0,12.0,2.0,7.0,4.0,STP2
2020-05-18,5.0,8.0,2.0,7.0,1.0,STP2
2020-05-19,11.0,4.0,2.0,13.0,2.0,STP2
2020-05-20,6.0,16.0,0.0,9.0,6.0,STP2
2020-05-21,9.0,12.0,2.0,15.0,2.0,STP2
2020-05-22,9.0,7.0,1.0,12.0,9.0,STP2
2020-05-23,7.0,4.0,3.0,9.0,2.0,STP2
2020-05-24,15.0,14.0,2.0,12.0,4.0,STP2
2020-05-25,9.0,12.0,9.0,13.0,7.0,STP2
2020-05-26,12.0,22.0,3.0,14.0,7.0,STP2
2020-05-27,20.0,19.0,2.0,15.0,6.0,STP2
2020-05-28,14.0,17.0,5.0,11.0,6.0,STP2
2020-05-29,15.0,14.0,3.0,17.0,16.0,STP2
2020-05-30,16.0,16.0,6.0,18.0,6.0,STP2
2020-05-31,8.0,22.0,6.0,15.0,10.0,STP2
2020-06-01,20.0,21.0,10.0,14.0,5.0,STP2
2020-06-02,21.0,15.0,8.0,26.0,0.0,STP2
2020-06-03,12.0,19.0,11.0,22.0,0.0,STP2
2020-06-04,16.0,22.0,4.0,21.0,0.0,STP2
2020-06-05,31.0,20.0,7.0,21.0,0.0,STP2
2020-06-06,23.0,23.0,5.0,17.0,0.0,STP2
2020-06-07,23.0,30.0,9.0,27.0,0.0,STP2
2020-06-08,35.0,24.0,11.0,36.0,0.0,STP2
2020-06-09,40.0,30.0,13.0,38.0,0.0,STP2
2020-06-10,34.0,30.0,6.0,32.0,0.0,STP2
2020-06-11,41.0,39.0,8.0,40.0,0.0,STP2
2020-06-12,36.0,50.0,14.0,43.0,0.0,STP2
2020-06-13,45.0,46.0,14.0,43.0,0.0,STP2
2020-06-14,38.0,37.0,10.0,48.0,0.0,STP2
2020-06-15,52.0,46.0,20.0,56.0,0.0,STP2
2020-06-16,49.0,56.0,18.0,58.0,0.0,STP2
2020-06-17,50.0,54.0,17.0,45.0,0.0,STP2
2020-06-18,51.0,66.0,16.0,62.0,0.0,STP2
2020-06-19,58.0,50.0,23.0,64.0,0.0,STP2
2020-06-20,74.0,68.0,23.0,64.0,0.0,STP2
2020-06-21,85.0,67.0,23.0,82.0,0.0,STP2
2020-06-22,75.0,89.0,24.0,70.0,0.0,STP2
2020-06-23,67.0,63.0,27.0,98.0,0.0,STP2
2020-06-24,106.0,62.0,29.0,79.0,0.0,STP2
2020-06-25,75.0,98.0,48.0,92.0,0.0,STP2
2020-06-26,96.0,97.0,33.0,106.0,0.0,STP2
2020-06-27,95.0,94.0,40.0,91.0,0.0,STP2
2020-06-28,126.0,117.0,35.0,96.0,0.0,STP2
2020-06-29,125.0,94.0,43.0,114.0,0.0,STP2
2020-06-30,125.0,121.0,52.0,123.0,0.0,STP2
2020-07-01,0.0,0.0,54.0,0.0,0.0,STP2
2020-02-01,0.0,0.0,0.0,0.0,0.0,STP3
2020-02-02,0.0,0.0,0.0,0.0,0.0,STP3
2020-02-03,0.0,0.0,0.0,0.0,0.0,STP3
2020-02-04,0.0,0.0,0.0,0.0,0.0,STP3
2020-02-05,0.0,0.0,0.0,0.0,0.0,STP3
2020-02-06,1.0,0.0,0.0,0.0,0.0,STP3
2020-02-07,0.0,0.0,0.0,0.0,0.0,STP3
2020-02-08,0.0,0.0,0.0,0.0,0.0,STP3
2020-02-09,0.0,0.0,0.0,0.0,0.0,STP3
2020-02-10,0.0,0.0,0.0,0.0,0.0,STP3
2020-02-11,0.0,0.0,0.0,0.0,0.0,STP3
2020-02-12,0.0,0.0,0.0,0.0,0.0,STP3
2020-02-13,0.0,0.0,0.0,0.0,0.0,STP3
2020-02-14,0.0,0.0,0.0,0.0,0.0,STP3
2020-02-15,0.0,0.0,0.0,0.0,0.0,STP3
2020-02-16,0.0,0.0,0.0,0.0,0.0,STP3
2020-02-17,0.0,0.0,0.0,0.0,0.0,STP3
2020-02-18,0.0,0.0,0.0,0.0,0.0,STP3
2020-02-19,0.0,0.0,0.0,0.0,0.0,STP3
2020-02-20,0.0,0.0,0.0,0.0,0.0,STP3
2020-02-21,0.0,0.0,0.0,0.0,0.0,STP3
2020-02-22,0.0,0.0,0.0,0.0,0.0,STP3
2020-02-23,0.0,0.0,0.0,0.0,0.0,STP3
2020-02-24,0.0,0.0,0.0,0.0,0.0,STP3
2020-02-25,0.0,0.0,0.0,0.0,0.0,STP3
2020-02-26,0.0,0.0,0.0,1.0,0.0,STP3
2020-02-27,0.0,0.0,0.0,0.0,0.0,STP3
2020-02-28,0.0,0.0,0.0,0.0,0.0,STP3
2020-02-29,0.0,0.0,0.0,0.0,0.0,STP3
2020-03-01,0.0,0.0,0.0,0.0,0.0,STP3
2020-03-02,0.0,0.0,0.0,0.0,0.0,STP3
2020-03-03,0.0,0.0,0.0,0.0,0.0,STP3
2020-03-04,0.0,0.0,0.0,0.0,1.0,STP3
2020-03-05,0.0,0.0,0.0,0.0,0.0,STP3
2020-03-06,0.0,0.0,0.0,0.0,0.0,STP3
2020-03-07,0.0,0.0,0.0,1.0,0.0,STP3
2020-03-08,0.0,0.0,0.0,0.0,0.0,STP3
2020-03-09,0.0,0.0,0.0,0.0,0.0,STP3
2020-03-10,0.0,0.0,0.0,0.0,0.0,STP3
2020-03-11,0.0,0.0,0.0,0.0,0.0,STP3
2020-03-12,0.0,0.0,0.0,0.0,0.0,STP3
2020-03-13,0.0,0.0,0.0,0.0,0.0,STP3
2020-03-14,0.0,0.0,0.0,0.0,0.0,STP3
2020-03-15,0.0,0.0,0.0,0.0,0.0,STP3
2020-03-16,0.0,0.0,0.0,0.0,0.0,STP3
2020-03-17,0.0,0.0,0.0,0.0,0.0,STP3
2020-03-18,0.0,0.0,0.0,1.0,0.0,STP3
2020-03-19,0.0,0.0,0.0,0.0,0.0,STP3
2020-03-20,1.0,0.0,0.0,0.0,0.0,STP3
2020-03-21,0.0,0.0,0.0,1.0,0.0,STP3
2020-03-22,0.0,0.0,0.0,1.0,0.0,STP3
2020-03-23,0.0,0.0,0.0,0.0,0.0,STP3
2020-03-24,0.0,0.0,0.0,0.0,0.0,STP3
2020-03-25,0.0,1.0,1.0,0.0,0.0,STP3
2020-03-26,0.0,1.0,0.0,1.0,0.0,STP3
2020-03-27,0.0,0.0,0.0,0.0,0.0,STP3
2020-03-28,1.0,0.0,0.0,1.0,0.0,STP3
2020-03-29,1.0,0.0,0.0,1.0,0.0,STP3
2020-03-30,1.0,1.0,1.0,0.0,0.0,STP3
2020-03-31,1.0,0.0,0.0,0.0,0.0,STP3
2020-04-01,0.0,0.0,0.0,1.0,0.0,STP3
2020-04-02,0.0,0.0,1.0,0.0,0.0,STP3
2020-04-03,0.0,0.0,0.0,1.0,0.0,STP3
2020-04-04,0.0,0.0,0.0,0.0,0.0,STP3
2020-04-05,0.0,0.0,0.0,0.0,0.0,STP3
2020-04-06,0.0,1.0,0.0,0.0,0.0,STP3
2020-04-07,2.0,0.0,0.0,0.0,0.0,STP3
2020-04-08,0.0,1.0,0.0,0.0,0.0,STP3
2020-04-09,0.0,0.0,0.0,0.0,0.0,STP3
2020-04-10,0.0,0.0,0.0,0.0,1.0,STP3
2020-04-11,0.0,1.0,0.0,0.0,0.0,STP3
2020-04-12,1.0,0.0,0.0,0.0,2.0,STP3
2020-04-13,1.0,2.0,0.0,1.0,0.0,STP3
2020-04-14,1.0,1.0,0.0,0.0,0.0,STP3
2020-04-15,3.0,0.0,0.0,2.0,0.0,STP3
2020-04-16,1.0,1.0,0.0,1.0,0.0,STP3
2020-04-17,0.0,0.0,0.0,2.0,1.0,STP3
2020-04-18,1.0,1.0,0.0,2.0,0.0,STP3
2020-04-19,0.0,0.0,1.0,2.0,1.0,STP3
2020-04-20,0.0,2.0,0.0,1.0,0.0,STP3
2020-04-21,0.0,3.0,0.0,2.0,0.0,STP3
2020-04-22,2.0,3.0,0.0,1.0,0.0,STP3
2020-04-23,3.0,2.0,0.0,2.0,1.0,STP3
2020-04-24,3.0,0.0,2.0,1.0,1.0,STP3
2020-04-25,1.0,2.0,1.0,2.0,2.0,STP3
2020-04-26,4.0,4.0,0.0,2.0,1.0,STP3
2020-04-27,2.0,3.0,0.0,4.0,1.0,STP3
2020-04-28,3.0,0.0,0.0,4.0,2.0,STP3
2020-04-29,4.0,1.0,1.0,0.0,1.0,STP3
2020-04-30,0.0,4.0,0.0,5.0,0.0,STP3
2020-05-01,2.0,2.0,1.0,3.0,1.0,STP3
2020-05-02,1.0,5.0,2.0,1.0,2.0,STP3
2020-05-03,2.0,4.0,2.0,1.0,2.0,STP3
2020-05-04,3.0,6.0,1.0,5.0,0.0,STP3
2020-05-05,6.0,3.0,2.0,2.0,1.0,STP3
2020-05-06,4.0,3.0,1.0,3.0,0.0,STP3
2020-05-07,1.0,2.0,1.0,4.0,4.0,STP3
2020-05-08,3.0,5.0,1.0,1.0,0.0,STP3
2020-05-09,6.0,3.0,0.0,5.0,1.0,STP3
2020-05-10,3.0,2.0,1.0,3.0,2.0,STP3
2020-05-11,6.0,6.0,1.0,5.0,2.0,STP3
2020-05-12,2.0,6.0,0.0,3.0,4.0,STP3
2020-05-13,5.0,5.0,2.0,5.0,3.0,STP3
2020-05-14,5.0,5.0,1.0,2.0,0.0,STP3
2020-05-15,10.0,5.0,1.0,5.0,5.0,STP3
2020-05-16,9.0,5.0,0.0,3.0,2.0,STP3
2020-05-17,7.0,5.0,1.0,10.0,4.0,STP3
2020-05-18,8.0,7.0,1.0,5.0,8.0,STP3
2020-05-19,4.0,8.0,5.0,7.0,4.0,STP3
2020-05-20,8.0,10.0,1.0,8.0,4.0,STP3
2020-05-21,14.0,6.0,2.0,10.0,7.0,STP3
2020-05-22,10.0,5.0,2.0,14.0,2.0,STP3
2020-05-23,15.0,8.0,4.0,7.0,6.0,STP3
2020-05-24,8.0,10.0,3.0,9.0,3.0,STP3
2020-05-25,15.0,11.0,2.0,9.0,7.0,STP3
2020-05-26,11.0,17.0,7.0,14.0,5.0,STP3
2020-05-27,17.0,16.0,3.0,6.0,5.0,STP3
2020-05-28,15.0,19.0,2.0,20.0,8.0,STP3
2020-05-29,11.0,16.0,8.0,14.0,4.0,STP3
2020-05-30,16.0,14.0,5.0,20.0,10.0,STP3
2020-05-31,19.0,24.0,7.0,14.0,3.0,STP3
2020-06-01,21.0,19.0,5.0,19.0,3.0,STP3
2020-06-02,17.0,22.0,6.0,20.0,0.0,STP3
2020-06-03,32.0,18.0,7.0,12.0,0.0,STP3
2020-06-04,17.0,21.0,6.0,24.0,0.0,STP3
2020-06-05,29.0,26.0,3.0,24.0,0.0,STP3
2020-06-06,30.0,18.0,5.0,30.0,0.0,STP3
2020-06-07,27.0,23.0,9.0,37.0,0.0,STP3
2020-06-08,34.0,17.0,11.0,29.0,0.0,STP3
2020-06-09,31.0,27.0,10.0,20.0,0.0,STP3
2020-06-10,32.0,39.0,13.0,27.0,0.0,STP3
2020-06-11,27.0,27.0,11.0,38.0,0.0,STP3
2020-06-12,34.0,34.0,13.0,46.0,0.0,STP3
2020-06-13,41.0,37.0,17.0,48.0,0.0,STP3
2020-06-14,42.0,43.0,20.0,47.0,0.0,STP3
2020-06-15,49.0,53.0,14.0,56.0,0.0,STP3
2020-06-16,39.0,36.0,15.0,53.0,0.0,STP3
2020-06-17,54.0,46.0,9.0,59.0,0.0,STP3
2020-06-18,59.0,63.0,24.0,66.0,0.0,STP3
2020-06-19,60.0,61.0,28.0,58.0,0.0,STP3
2020-06-20,71.0,71.0,15.0,65.0,0.0,STP3
2020-06-21,77.0,74.0,23.0,68.0,0.0,STP3
2020-06-22,82.0,75.0,22.0,78.0,0.0,STP3
2020-06-23,92.0,70.0,27.0,86.0,0.0,STP3
2020-06-24,73.0,74.0,32.0,82.0,0.0,STP3
2020-06-25,94.0,107.0,33.0,77.0,0.0,STP3
2020-06-26,98.0,92.0,31.0,96.0,0.0,STP3
2020-06-27,93.0,102.0,40.0,97.0,0.0,STP3
2020-06-28,138.0,95.0,45.0,104.0,0.0,STP3
2020-06-29,126.0,133.0,41.0,109.0,0.0,STP3
2020-06-30,127.0,139.0,39.0,129.0,0.0,STP3
2020-07-01,0.0,0.0,47.0,0.0,0.0,STP3
2020-02-01,0.0,0.0,0.0,0.0,0.0,STP4
2020-02-02,0.0,0.0,0.0,0.0,0.0,STP4
2020-02-03,0.0,0.0,0.0,0.0,0.0,STP4
2020-02-04,0.0,0.0,0.0,0.0,0.0,STP4
2020-02-05,0.0,0.0,0.0,0.0,0.0,STP4
2020-02-06,0.0,0.0,0.0,0.0,0.0,STP4
2020-02-07,0.0,0.0,0.0,0.0,0.0,STP4
2020-02-08,0.0,0.0,0.0,0.0,0.0,STP4
2020-02-09,0.0,0.0,0.0,0.0,0.0,STP4
2020-02-10,0.0,0.0,0.0,0.0,0.0,STP4
2020-02-11,0.0,0.0,0.0,0.0,0.0,STP4
2020-02-12,0.0,0.0,0.0,0.0,0.0,STP4
2020-02-13,0.0,0.0,0.0,0.0,0.0,STP4
2020-02-14,0.0,0.0,0.0,0.0,0.0,STP4
2020-02-15,0.0,0.0,0.0,0.0,0.0,STP4
2020-02-16,0.0,0.0,0.0,0.0,0.0,STP4
2020-02-17,0.0,0.0,0.0,0.0,0.0,STP4
2020-02-18,0.0,0.0,0.0,0.0,0.0,STP4
2020-02-19,0.0,0.0,0.0,0.0,0.0,STP4
2020-02-20,0.0,0.0,0.0,0.0,0.0,STP4
2020-02-21,0.0,0.0,0.0,0.0,0.0,STP4
2020-02-22,0.0,0.0,0.0,0.0,0.0,STP4
2020-02-23,0.0,0.0,0.0,0.0,0.0,STP4
2020-02-24,0.0,0.0,0.0,0.0,0.0,STP4
2020-02-25,0.0,0.0,0.0,0.0,0.0,STP4
2020-02-26,0.0,0.0,0.0,0.0,0.0,STP4
2020-02-27,0.0,0.0,0.0,0.0,0.0,STP4
2020-02-28,0.0,0.0,0.0,0.0,0.0,STP4
2020-02-29,0.0,0.0,0.0,0.0,1.0,STP4
2020-03-01,0.0,0.0,0.0,1.0,0.0,STP4
2020-03-02,0.0,0.0,0.0,0.0,0.0,STP4
2020-03-03,0.0,0.0,0.0,0.0,0.0,STP4
2020-03-04,0.0,0.0,0.0,0.0,0.0,STP4
2020-03-05,0.0,0.0,0.0,0.0,0.0,STP4
2020-03-06,0.0,0.0,0.0,0.0,0.0,STP4
2020-03-07,0.0,0.0,0.0,0.0,0.0,STP4
2020-03-08,0.0,1.0,0.0,0.0,0.0,STP4
2020-03-09,0.0,0.0,0.0,1.0,0.0,STP4
2020-03-10,0.0,0.0,0.0,0.0,0.0,STP4
2020-03-11,0.0,0.0,0.0,1.0,0.0,STP4
2020-03-12,0.0,0.0,0.0,0.0,0.0,STP4
2020-03-13,0.0,0.0,0.0,0.0,0.0,STP4
2020-03-14,0.0,0.0,0.0,0.0,0.0,STP4
2020-03-15,0.0,0.0,0.0,0.0,0.0,STP4
2020-03-16,1.0,0.0,0.0,0.0,0.0,STP4
2020-03-17,0.0,0.0,0.0,0.0,0.0,STP4
2020-03-18,0.0,0.0,0.0,0.0,0.0,STP4
2020-03-19,0.0,0.0,0.0,0.0,0.0,STP4
2020-03-20,1.0,1.0,0.0,0.0,0.0,STP4
2020-03-21,0.0,0.0,0.0,0.0,0.0,STP4
2020-03-22,0.0,0.0,0.0,0.0,0.0,STP4
2020-03-23,0.0,0.0,0.0,0.0,0.0,STP4
2020-03-24,0.0,0.0,0.0,0.0,0.0,STP4
2020-03-25,0.0,0.0,0.0,0.0,0.0,STP4
2020-03-26,0.0,1.0,0.0,0.0,0.0,STP4
2020-03-27,0.0,0.0,0.0,2.0,0.0,STP4
2020-03-28,0.0,1.0,0.0,0.0,0.0,STP4
2020-03-29,0.0,0.0,0.0,0.0,0.0,STP4
2020-03-30,0.0,0.0,0.0,0.0,0.0,STP4
2020-03-31,0.0,1.0,0.0,0.0,0.0,STP4
2020-04-01,0.0,0.0,0.0,0.0,0.0,STP4
2020-04-02,0.0,1.0,0.0,1.0,0.0,STP4
2020-04-03,1.0,1.0,0.0,0.0,0.0,STP4
2020-04-04,1.0,1.0,0.0,0.0,1.0,STP4
2020-04-05,0.0,0.0,0.0,2.0,0.0,STP4
2020-04-06,1.0,0.0,0.0,0.0,0.0,STP4
2020-04-07,0.0,0.0,0.0,0.0,1.0,STP4
2020-04-08,0.0,0.0,0.0,1.0,0.0,STP4
2020-04-09,2.0,1.0,0.0,2.0,0.0,STP4
2020-04-10,2.0,1.0,0.0,0.0,2.0,STP4
2020-04-11,0.0,1.0,0.0,2.0,2.0,STP4
2020-04-12,0.0,1.0,0.0,0.0,1.0,STP4
2020-04-13,1.0,1.0,0.0,0.0,0.0,STP4
2020-04-14,0.0,1.0,0.0,1.0,0.0,STP4
2020-04-15,1.0,0.0,0.0,0.0,1.0,STP4
2020-04-16,0.0,1.0,0.0,2.0,0.0,STP4
2020-04-17,1.0,0.0,0.0,2.0,0.0,STP4
2020-04-18,2.0,2.0,0.0,1.0,1.0,STP4
2020-04-19,5.0,1.0,0.0,2.0,0.0,STP4
2020-04-20,1.0,4.0,0.0,0.0,0.0,STP4
2020-04-21,1.0,3.0,1.0,2.0,1.0,STP4
2020-04-22,1.0,1.0,0.0,1.0,1.0,STP4
2020-04-23,0.0,1.0,0.0,1.0,1.0,STP4
2020-04-24,0.0,1.0,0.0,4.0,1.0,STP4
2020-04-25,0.0,1.0,0.0,1.0,0.0,STP4
2020-04-26,2.0,0.0,0.0,1.0,2.0,STP4
2020-04-27,2.0,2.0,0.0,2.0,4.0,STP4
2020-04-28,2.0,1.0,0.0,1.0,1.0,STP4
2020-04-29,1.0,1.0,1.0,3.0,1.0,STP4
2020-04-30,4.0,2.0,0.0,3.0,2.0,STP4
2020-05-01,1.0,1.0,0.0,2.0,4.0,STP4
2020-05-02,2.0,4.0,0.0,4.0,2.0,STP4
2020-05-03,7.0,2.0,1.0,3.0,1.0,STP4
2020-05-04,5.0,1.0,0.0,4.0,1.0,STP4
2020-05-05,2.0,6.0,0.0,2.0,1.0,STP4
2020-05-06,3.0,4.0,0.0,4.0,2.0,STP4
2020-05-07,3.0,6.0,1.0,0.0,3.0,STP4
2020-05-08,4.0,2.0,1.0,1.0,1.0,STP4
2020-05-09,2.0,2.0,0.0,6.0,3.0,STP4
2020-05-10,1.0,3.0,1.0,3.0,1.0,STP4
2020-05-11,3.0,7.0,3.0,4.0,3.0,STP4
2020-05-12,7.0,8.0,1.0,7.0,1.0,STP4
2020-05-13,2.0,3.0,2.0,6.0,4.0,STP4
2020-05-14,5.0,8.0,2.0,11.0,1.0,STP4
2020-05-15,6.0,6.0,0.0,7.0,4.0,STP4
2020-05-16,8.0,8.0,1.0,10.0,1.0,STP4
2020-05-17,9.0,13.0,0.0,4.0,3.0,STP4
2020-05-18,4.0,6.0,1.0,13.0,3.0,STP4
2020-05-19,10.0,11.0,6.0,9.0,1.0,STP4
2020-05-20,7.0,7.0,2.0,5.0,5.0,STP4
2020-05-21,9.0,7.0,2.0,6.0,5.0,STP4
2020-05-22,8.0,8.0,4.0,10.0,7.0,STP4
2020-05-23,5.0,10.0,4.0,14.0,7.0,STP4
2020-05-24,9.0,11.0,8.0,8.0,7.0,STP4
2020-05-25,14.0,9.0,4.0,10.0,8.0,STP4
2020-05-26,11.0,18.0,4.0,11.0,4.0,STP4
2020-05-27,13.0,13.0,3.0,12.0,3.0,STP4
2020-05-28,10.0,10.0,5.0,21.0,13.0,STP4
2020-05-29,16.0,14.0,4.0,16.0,12.0,STP4
2020-05-30,16.0,19.0,4.0,23.0,6.0,STP4
2020-05-31,17.0,16.0,5.0,12.0,9.0,STP4
2020-06-01,18.0,11.0,3.0,19.0,3.0,STP4
2020-06-02,22.0,18.0,9.0,25.0,0.0,STP4
2020-06-03,17.0,25.0,6.0,29.0,0.0,STP4
2020-06-04,19.0,17.0,6.0,27.0,0.0,STP4
2020-06-05,24.0,22.0,7.0,27.0,0.0,STP4
2020-06-06,17.0,31.0,8.0,32.0,0.0,STP4
2020-06-07,29.0,22.0,7.0,22.0,0.0,STP4
2020-06-08,29.0,35.0,12.0,34.0,0.0,STP4
2020-06-09,28.0,47.0,16.0,28.0,0.0,STP4
2020-06-10,39.0,31.0,12.0,35.0,0.0,STP4
2020-06-11,43.0,22.0,12.0,24.0,0.0,STP4
2020-06-12,42.0,37.0,10.0,39.0,0.0,STP4
2020-06-13,29.0,38.0,17.0,39.0,0.0,STP4
2020-06-14,35.0,42.0,20.0,38.0,0.0,STP4
2020-06-15,57.0,47.0,14.0,50.0,0.0,STP4
2020-06-16,61.0,57.0,13.0,49.0,0.0,STP4
2020-06-17,51.0,63.0,33.0,63.0,0.0,STP4
2020-06-18,49.0,50.0,20.0,59.0,0.0,STP4
2020-06-19,78.0,61.0,15.0,59.0,0.0,STP4
2020-06-20,86.0,65.0,30.0,68.0,0.0,STP4
2020-06-21,85.0,72.0,26.0,68.0,0.0,STP4
2020-06-22,74.0,85.0,23.0,79.0,0.0,STP4
2020-06-23,83.0,96.0,22.0,85.0,0.0,STP4
2020-06-24,99.0,77.0,34.0,81.0,0.0,STP4
2020-06-25,87.0,90.0,36.0,79.0,0.0,STP4
2020-06-26,103.0,79.0,35.0,92.0,0.0,STP4
2020-06-27,105.0,107.0,37.0,83.0,0.0,STP4
2020-06-28,105.0,108.0,37.0,132.0,0.0,STP4
2020-06-29,134.0,111.0,44.0,107.0,0.0,STP4
2020-06-30,125.0,138.0,36.0,124.0,0.0,STP4
2020-07-01,0.0,0.0,52.0,0.0,0.0,STP4
2020-02-01,0.0,0.0,0.0,0.0,0.0,STP5
2020-02-02,0.0,0.0,0.0,0.0,0.0,STP5
2020-02-03,0.0,0.0,0.0,0.0,0.0,STP5
2020-02-04,0.0,0.0,0.0,0.0,0.0,STP5
2020-02-05,0.0,0.0,0.0,0.0,0.0,STP5
2020-02-06,0.0,0.0,0.0,0.0,0.0,STP5
2020-02-07,0.0,0.0,0.0,0.0,0.0,STP5
2020-02-08,0.0,0.0,0.0,0.0,0.0,STP5
2020-02-09,0.0,0.0,0.0,0.0,0.0,STP5
2020-02-10,0.0,0.0,0.0,0.0,0.0,STP5
2020-02-11,0.0,0.0,0.0,0.0,0.0,STP5
2020-02-12,0.0,0.0,0.0,0.0,0.0,STP5
2020-02-13,0.0,0.0,0.0,0.0,0.0,STP5
2020-02-14,0.0,0.0,0.0,0.0,0.0,STP5
2020-02-15,0.0,0.0,0.0,0.0,0.0,STP5
2020-02-16,0.0,0.0,0.0,0.0,0.0,STP5
2020-02-17,0.0,0.0,0.0,0.0,0.0,STP5
2020-02-18,0.0,0.0,0.0,0.0,0.0,STP5
2020-02-19,0.0,0.0,0.0,0.0,0.0,STP5
2020-02-20,0.0,0.0,0.0,0.0,0.0,STP5
2020-02-21,0.0,0.0,0.0,0.0,0.0,STP5
2020-02-22,0.0,0.0,0.0,0.0,0.0,STP5
2020-02-23,0.0,0.0,0.0,0.0,0.0,STP5
2020-02-24,0.0,0.0,0.0,0.0,0.0,STP5
2020-02-25,0.0,0.0,0.0,0.0,0.0,STP5
2020-02-26,0.0,0.0,0.0,0.0,0.0,STP5
2020-02-27,0.0,0.0,0.0,0.0,0.0,STP5
2020-02-28,0.0,0.0,0.0,0.0,0.0,STP5
2020-02-29,0.0,0.0,0.0,0.0,0.0,STP5
2020-03-01,0.0,0.0,0.0,1.0,0.0,STP5
2020-03-02,0.0,0.0,0.0,0.0,0.0,STP5
2020-03-03,0.0,0.0,0.0,0.0,0.0,STP5
2020-03-04,0.0,0.0,0.0,0.0,0.0,STP5
2020-03-05,0.0,0.0,0.0,0.0,0.0,STP5
2020-03-06,0.0,0.0,0.0,0.0,0.0,STP5
2020-03-07,0.0,0.0,0.0,0.0,0.0,STP5
2020-03-08,0.0,0.0,0.0,0.0,0.0,STP5
2020-03-09,0.0,0.0,0.0,0.0,0.0,STP5
2020-03-10,0.0,0.0,0.0,0.0,0.0,STP5
2020-03-11,0.0,0.0,0.0,0.0,0.0,STP5
2020-03-12,0.0,0.0,0.0,0.0,0.0,STP5
2020-03-13,0.0,0.0,0.0,0.0,0.0,STP5
2020-03-14,0.0,0.0,0.0,0.0,0.0,STP5
2020-03-15,0.0,0.0,0.0,0.0,0.0,STP5
2020-03-16,0.0,0.0,0.0,1.0,0.0,STP5
2020-03-17,0.0,0.0,0.0,0.0,0.0,STP5
2020-03-18,0.0,1.0,0.0,0.0,0.0,STP5
2020-03-19,2.0,0.0,0.0,0.0,0.0,STP5
2020-03-20,0.0,0.0,0.0,1.0,0.0,STP5
2020-03-21,0.0,0.0,0.0,1.0,0.0,STP5
2020-03-22,0.0,0.0,0.0,0.0,0.0,STP5
2020-03-23,0.0,0.0,0.0,0.0,0.0,STP5
2020-03-24,1.0,1.0,0.0,0.0,0.0,STP5
2020-03-25,0.0,1.0,0.0,0.0,0.0,STP5
2020-03-26,0.0,2.0,0.0,0.0,0.0,STP5
2020-03-27,0.0,2.0,1.0,0.0,0.0,STP5
2020-03-28,0.0,0.0,0.0,0.0,0.0,STP5
2020-03-29,0.0,0.0,0.0,0.0,0.0,STP5
2020-03-30,0.0,1.0,0.0,0.0,0.0,STP5
2020-03-31,1.0,0.0,0.0,0.0,1.0,STP5
2020-04-01,0.0,0.0,0.0,0.0,0.0,STP5
2020-04-02,0.0,2.0,0.0,0.0,0.0,STP5
2020-04-03,0.0,0.0,1.0,1.0,0.0,STP5
2020-04-04,0.0,0.0,1.0,0.0,0.0,STP5
2020-04-05,1.0,0.0,0.0,0.0,1.0,STP5
2020-04-06,1.0,0.0,0.0,1.0,1.0,STP5
2020-04-07,0.0,0.0,1.0,1.0,0.0,STP5
2020-04-08,0.0,0.0,0.0,0.0,0.0,STP5
2020-04-09,0.0,2.0,0.0,0.0,1.0,STP5
2020-04-10,0.0,2.0,0.0,2.0,0.0,STP5
2020-04-11,0.0,1.0,0.0,1.0,0.0,STP5
2020-04-12,1.0,1.0,0.0,1.0,0.0,STP5
2020-04-13,0.0,1.0,0.0,0.0,0.0,STP5
2020-04-14,1.0,0.0,1.0,0.0,1.0,STP5
2020-04-15,1.0,4.0,2.0,2.0,0.0,STP5
2020-04-16,1.0,1.0,0.0,1.0,0.0,STP5
2020-04-17,1.0,0.0,0.0,1.0,1.0,STP5
2020-04-18,2.0,0.0,1.0,1.0,0.0,STP5
2020-04-19,3.0,0.0,0.0,0.0,2.0,STP5
2020-04-20,2.0,2.0,0.0,0.0,0.0,STP5
2020-04-21,1.0,1.0,0.0,3.0,1.0,STP5
2020-04-22,2.0,0.0,0.0,0.0,1.0,STP5
2020-04-23,1.0,0.0,0.0,3.0,1.0,STP5
2020-04-24,1.0,4.0,0.0,2.0,1.0,STP5
2020-04-25,0.0,0.0,0.0,2.0,0.0,STP5
2020-04-26,1.0,0.0,0.0,2.0,1.0,STP5
2020-04-27,2.0,2.0,0.0,2.0,1.0,STP5
2020-04-28,2.0,3.0,0.0,1.0,3.0,STP5
2020-04-29,2.0,1.0,0.0,3.0,3.0,STP5
2020-04-30,3.0,1.0,0.0,2.0,0.0,STP5
2020-05-01,1.0,2.0,2.0,0.0,1.0,STP5
2020-05-02,1.0,3.0,1.0,1.0,0.0,STP5
2020-05-03,2.0,4.0,1.0,3.0,0.0,STP5
2020-05-04,1.0,1.0,0.0,4.0,1.0,STP5
2020-05-05,0.0,4.0,3.0,2.0,1.0,STP5
2020-05-06,4.0,5.0,0.0,3.0,0.0,STP5
2020-05-07,5.0,5.0,0.0,3.0,2.0,STP5
2020-05-08,0.0,3.0,1.0,2.0,0.0,STP5
2020-05-09,3.0,3.0,1.0,3.0,0.0,STP5
2020-05-10,7.0,3.0,0.0,6.0,2.0,STP5
2020-05-11,3.0,7.0,0.0,6.0,5.0,STP5
2020-05-12,4.0,3.0,2.0,3.0,4.0,STP5
2020-05-13,7.0,3.0,0.0,3.0,3.0,STP5
2020-05-14,4.0,3.0,1.0,4.0,3.0,STP5
2020-05-15,4.0,4.0,2.0,3.0,5.0,STP5
2020-05-16,6.0,4.0,0.0,4.0,3.0,STP5
2020-05-17,10.0,9.0,1.0,9.0,1.0,STP5
2020-05-18,10.0,9.0,3.0,6.0,4.0,STP5
2020-05-19,5.0,9.0,2.0,9.0,3.0,STP5
2020-05-20,4.0,7.0,6.0,10.0,0.0,STP5
2020-05-21,10.0,12.0,3.0,13.0,2.0,STP5
2020-05-22,7.0,7.0,2.0,6.0,4.0,STP5
2020-05-23,13.0,11.0,6.0,7.0,3.0,STP5
2020-05-24,6.0,8.0,9.0,11.0,4.0,STP5
2020-05-25,13.0,19.0,5.0,8.0,4.0,STP5
2020-05-26,15.0,13.0,3.0,12.0,5.0,STP5
2020-05-27,11.0,16.0,5.0,14.0,10.0,STP5
2020-05-28,21.0,18.0,1.0,13.0,7.0,STP5
2020-05-29,11.0,15.0,4.0,16.0,8.0,STP5
2020-05-30,14.0,14.0,4.0,14.0,5.0,STP5
2020-05-31,11.0,16.0,2.0,22.0,8.0,STP5
2020-06-01,15.0,16.0,5.0,23.0,6.0,STP5
2020-06-02,20.0,22.0,9.0,22.0,0.0,STP5
2020-06-03,26.0,26.0,6.0,12.0,0.0,STP5
2020-06-04,29.0,20.0,6.0,22.0,0.0,STP5
2020-06-05,32.0,38.0,11.0,32.0,0.0,STP5
2020-06-06,22.0,19.0,6.0,33.0,0.0,STP5
2020-06-07,38.0,24.0,6.0,32.0,0.0,STP5
2020-06-08,44.0,30.0,8.0,36.0,0.0,STP5
2020-06-09,26.0,24.0,6.0,37.0,0.0,STP5
2020-06-10,29.0,31.0,7.0,29.0,0.0,STP5
2020-06-11,41.0,48.0,13.0,37.0,0.0,STP5
2020-06-12,50.0,36.0,16.0,37.0,0.0,STP5
2020-06-13,47.0,40.0,13.0,41.0,0.0,STP5
2020-06-14,59.0,43.0,10.0,49.0,0.0,STP5
2020-06-15,52.0,42.0,19.0,54.0,0.0,STP5
2020-06-16,54.0,42.0,23.0,41.0,0.0,STP5
2020-06-17,47.0,57.0,19.0,68.0,0.0,STP5
2020-06-18,75.0,69.0,15.0,69.0,0.0,STP5
2020-06-19,61.0,67.0,22.0,58.0,0.0,STP5
2020-06-20,62.0,54.0,22.0,68.0,0.0,STP5
2020-06-21,81.0,78.0,27.0,79.0,0.0,STP5
2020-06-22,64.0,71.0,27.0,88.0,0.0,STP5
2020-06-23,76.0,74.0,31.0,90.0,0.0,STP5
2020-06-24,76.0,96.0,23.0,77.0,0.0,STP5
2020-06-25,86.0,97.0,37.0,79.0,0.0,STP5
2020-06-26,88.0,92.0,33.0,118.0,0.0,STP5
2020-06-27,104.0,89.0,36.0,108.0,0.0,STP5
2020-06-28,110.0,118.0,32.0,109.0,0.0,STP5
2020-06-29,109.0,117.0,40.0,127.0,0.0,STP5
2020-06-30,118.0,133.0,50.0,134.0,0.0,STP5
2020-07-01,0.0,0.0,44.0,0.0,0.0,STP5
2020-02-01,0.0,1.0,0.0,0.0,0.0,STP6
2020-02-02,0.0,0.0,0.0,0.0,0.0,STP6
2020-02-03,0.0,0.0,0.0,0.0,0.0,STP6
2020-02-04,0.0,0.0,0.0,0.0,0.0,STP6
2020-02-05,0.0,0.0,0.0,0.0,0.0,STP6
2020-02-06,0.0,0.0,0.0,0.0,0.0,STP6
2020-02-07,0.0,0.0,0.0,0.0,0.0,STP6
2020-02-08,0.0,0.0,0.0,0.0,0.0,STP6
2020-02-09,0.0,0.0,0.0,0.0,0.0,STP6
2020-02-10,0.0,0.0,0.0,0.0,0.0,STP6
2020-02-11,0.0,0.0,0.0,0.0,0.0,STP6
2020-02-12,0.0,0.0,0.0,0.0,0.0,STP6
2020-02-13,0.0,0.0,0.0,0.0,0.0,STP6
2020-02-14,0.0,0.0,0.0,0.0,0.0,STP6
2020-02-15,0.0,0.0,0.0,0.0,0.0,STP6
2020-02-16,0.0,0.0,0.0,0.0,0.0,STP6
2020-02-17,0.0,1.0,0.0,0.0,0.0,STP6
2020-02-18,1.0,1.0,0.0,0.0,0.0,STP6
2020-02-19,0.0,0.0,0.0,0.0,0.0,STP6
2020-02-20,0.0,0.0,0.0,0.0,0.0,STP6
2020-02-21,0.0,0.0,0.0,0.0,0.0,STP6
2020-02-22,0.0,0.0,0.0,0.0,0.0,STP6
2020-02-23,0.0,0.0,0.0,0.0,0.0,STP6
2020-02-24,0.0,0.0,0.0,0.0,0.0,STP6
2020-02-25,0.0,0.0,0.0,0.0,0.0,STP6
2020-02-26,0.0,0.0,0.0,0.0,0.0,STP6
2020-02-27,0.0,0.0,0.0,0.0,0.0,STP6
2020-02-28,0.0,0.0,0.0,0.0,0.0,STP6
2020-02-29,0.0,0.0,0.0,0.0,0.0,STP6
2020-03-01,0.0,0.0,0.0,0.0,0.0,STP6
2020-03-02,0.0,0.0,0.0,0.0,0.0,STP6
2020-03-03,0.0,0.0,0.0,0.0,0.0,STP6
2020-03-04,0.0,0.0,0.0,0.0,0.0,STP6
2020-03-05,0.0,0.0,0.0,0.0,0.0,STP6
2020-03-06,0.0,0.0,0.0,0.0,0.0,STP6
2020-03-07,0.0,0.0,0.0,0.0,0.0,STP6
2020-03-08,0.0,0.0,0.0,0.0,0.0,STP6
2020-03-09,0.0,0.0,0.0,0.0,0.0,STP6
2020-03-10,0.0,0.0,0.0,0.0,1.0,STP6
2020-03-11,0.0,0.0,0.0,0.0,0.0,STP6
2020-03-12,0.0,0.0,0.0,0.0,0.0,STP6
2020-03-13,0.0,0.0,0.0,0.0,1.0,STP6
2020-03-14,0.0,0.0,0.0,1.0,0.0,STP6
2020-03-15,0.0,0.0,0.0,0.0,0.0,STP6
2020-03-16,0.0,0.0,0.0,0.0,1.0,STP6
2020-03-17,0.0,0.0,0.0,0.0,0.0,STP6
2020-03-18,0.0,0.0,0.0,0.0,0.0,STP6
2020-03-19,0.0,0.0,0.0,0.0,0.0,STP6
2020-03-20,0.0,0.0,0.0,0.0,0.0,STP6
2020-03-21,1.0,1.0,0.0,0.0,0.0,STP6
2020-03-22,1.0,0.0,0.0,0.0,0.0,STP6
2020-03-23,0.0,0.0,0.0,0.0,0.0,STP6
2020-03-24,2.0,0.0,0.0,0.0,0.0,STP6
2020-03-25,0.0,0.0,0.0,0.0,0.0,STP6
2020-03-26,0.0,0.0,0.0,0.0,0.0,STP6
2020-03-27,0.0,1.0,0.0,1.0,0.0,STP6
2020-03-28,0.0,0.0,0.0,0.0,0.0,STP6
2020-03-29,0.0,0.0,2.0,0.0,0.0,STP6
2020-03-30,0.0,0.0,0.0,1.0,0.0,STP6
2020-03-31,0.0,0.0,0.0,0.0,1.0,STP6
2020-04-01,0.0,0.0,0.0,0.0,0.0,STP6
2020-04-02,0.0,0.0,0.0,0.0,0.0,STP6
2020-04-03,0.0,0.0,0.0,1.0,0.0,STP6
2020-04-04,0.0,0.0,0.0,0.0,0.0,STP6
2020-04-05,0.0,1.0,1.0,1.0,0.0,STP6
2020-04-06,0.0,1.0,0.0,0.0,0.0,STP6
2020-04-07,2.0,0.0,0.0,0.0,0.0,STP6
2020-04-08,0.0,0.0,0.0,0.0,0.0,STP6
2020-04-09,1.0,0.0,0.0,0.0,1.0,STP6
2020-04-10,1.0,0.0,0.0,1.0,1.0,STP6
2020-04-11,0.0,1.0,0.0,1.0,0.0,STP6
2020-04-12,3.0,2.0,0.0,1.0,0.0,STP6
2020-04-13,1.0,0.0,0.0,0.0,1.0,STP6
2020-04-14,2.0,0.0,1.0,0.0,1.0,STP6
2020-04-15,0.0,0.0,1.0,1.0,0.0,STP6
2020-04-16,0.0,0.0,1.0,0.0,0.0,STP6
2020-04-17,0.0,0.0,0.0,2.0,2.0,STP6
2020-04-18,0.0,3.0,0.0,1.0,1.0,STP6
2020-04-19,3.0,1.0,0.0,1.0,0.0,STP6
2020-04-20,0.0,2.0,0.0,0.0,3.0,STP6
2020-04-21,3.0,1.0,0.0,0.0,0.0,STP6
2020-04-22,3.0,2.0,0.0,2.0,0.0,STP6
2020-04-23,0.0,2.0,0.0,5.0,3.0,STP6
2020-04-24,1.0,1.0,0.0,0.0,1.0,STP6
2020-04-25,2.0,0.0,0.0,3.0,1.0,STP6
2020-04-26,0.0,1.0,0.0,5.0,1.0,STP6
2020-04-27,4.0,0.0,0.0,5.0,1.0,STP6
2020-04-28,1.0,2.0,0.0,2.0,2.0,STP6
2020-04-29,4.0,0.0,0.0,1.0,1.0,STP6
2020-04-30,1.0,2.0,0.0,0.0,1.0,STP6
2020-05-01,5.0,3.0,0.0,5.0,0.0,STP6
2020-05-02,3.0,4.0,0.0,3.0,0.0,STP6
2020-05-03,5.0,8.0,1.0,4.0,1.0,STP6
2020-05-04,3.0,3.0,1.0,5.0,2.0,STP6
2020-05-05,2.0,0.0,2.0,5.0,1.0,STP6
2020-05-06,2.0,4.0,0.0,2.0,1.0,STP6
2020-05-07,5.0,1.0,2.0,5.0,3.0,STP6
2020-05-08,7.0,1.0,1.0,2.0,4.0,STP6
2020-05-09,3.0,5.0,0.0,7.0,5.0,STP6
2020-05-10,7.0,4.0,1.0,5.0,0.0,STP6
2020-05-11,7.0,7.0,2.0,4.0,3.0,STP6
2020-05-12,4.0,7.0,1.0,7.0,2.0,STP6
2020-05-13,4.0,4.0,0.0,7.0,3.0,STP6
2020-05-14,6.0,5.0,1.0,7.0,1.0,STP6
2020-05-15,7.0,2.0,2.0,7.0,4.0,STP6
2020-05-16,9.0,7.0,1.0,4.0,3.0,STP6
2020-05-17,8.0,12.0,2.0,13.0,1.0,STP6
2020-05-18,6.0,9.0,1.0,11.0,4.0,STP6
2020-05-19,9.0,11.0,2.0,8.0,2.0,STP6
2020-05-20,11.0,14.0,1.0,7.0,3.0,STP6
2020-05-21,9.0,4.0,4.0,10.0,4.0,STP6
2020-05-22,11.0,5.0,3.0,10.0,3.0,STP6
2020-05-23,10.0,4.0,8.0,13.0,7.0,STP6
2020-05-24,6.0,8.0,1.0,13.0,5.0,STP6
2020-05-25,17.0,11.0,4.0,10.0,3.0,STP6
2020-05-26,16.0,21.0,5.0,14.0,5.0,STP6
2020-05-27,17.0,19.0,8.0,19.0,6.0,STP6
2020-05-28,11.0,13.0,4.0,12.0,11.0,STP6
2020-05-29,15.0,20.0,2.0,17.0,9.0,STP6
2020-05-30,20.0,19.0,3.0,12.0,3.0,STP6
2020-05-31,21.0,17.0,7.0,22.0,8.0,STP6
2020-06-01,17.0,17.0,4.0,17.0,7.0,STP6
2020-06-02,22.0,19.0,5.0,20.0,0.0,STP6
2020-06-03,23.0,25.0,10.0,17.0,0.0,STP6
2020-06-04,21.0,27.0,7.0,27.0,0.0,STP6
2020-06-05,26.0,28.0,9.0,22.0,0.0,STP6
2020-06-06,25.0,28.0,6.0,21.0,0.0,STP6
2020-06-07,26.0,19.0,6.0,34.0,0.0,STP6
2020-06-08,34.0,30.0,11.0,33.0,0.0,STP6
2020-06-09,51.0,31.0,11.0,25.0,0.0,STP6
2020-06-10,33.0,40.0,12.0,39.0,0.0,STP6
2020-06-11,37.0,31.0,12.0,41.0,0.0,STP6
2020-06-12,40.0,41.0,15.0,44.0,0.0,STP6
2020-06-13,43.0,41.0,11.0,37.0,0.0,STP6
2020-06-14,47.0,43.0,21.0,42.0,0.0,STP6
2020-06-15,45.0,52.0,20.0,45.0,0.0,STP6
2020-06-16,56.0,61.0,23.0,39.0,0.0,STP6
2020-06-17,60.0,66.0,15.0,51.0,0.0,STP6
2020-06-18,48.0,62.0,19.0,57.0,0.0,STP6
2020-06-19,65.0,63.0,24.0,65.0,0.0,STP6
2020-06-20,60.0,68.0,24.0,45.0,0.0,STP6
2020-06-21,68.0,65.0,29.0,69.0,0.0,STP6
2020-06-22,86.0,66.0,28.0,79.0,0.0,STP6
2020-06-23,94.0,84.0,47.0,94.0,0.0,STP6
2020-06-24,84.0,87.0,33.0,90.0,0.0,STP6
2020-06-25,81.0,92.0,31.0,87.0,0.0,STP6
2020-06-26,88.0,98.0,38.0,78.0,0.0,STP6
2020-06-27,108.0,106.0,42.0,132.0,0.0,STP6
2020-06-28,101.0,103.0,38.0,113.0,0.0,STP6
2020-06-29,117.0,98.0,48.0,114.0,0.0,STP6
2020-06-30,143.0,133.0,57.0,122.0,0.0,STP6
2020-07-01,0.0,0.0,45.0,0.0,0.0,STP6
2020-02-01,0.0,0.0,0.0,0.0,0.0,STP7
2020-02-02,0.0,0.0,0.0,0.0,0.0,STP7
2020-02-03,0.0,0.0,0.0,0.0,0.0,STP7
2020-02-04,0.0,0.0,0.0,0.0,0.0,STP7
2020-02-05,0.0,0.0,0.0,0.0,0.0,STP7
2020-02-06,0.0,0.0,0.0,0.0,0.0,STP7
2020-02-07,0.0,0.0,0.0,0.0,0.0,STP7
2020-02-08,0.0,0.0,0.0,0.0,0.0,STP7
2020-02-09,0.0,0.0,0.0,0.0,0.0,STP7
2020-02-10,0.0,0.0,0.0,0.0,0.0,STP7
2020-02-11,0.0,0.0,0.0,0.0,0.0,STP7
2020-02-12,0.0,0.0,0.0,0.0,0.0,STP7
2020-02-13,0.0,0.0,0.0,0.0,0.0,STP7
2020-02-14,0.0,0.0,0.0,0.0,0.0,STP7
2020-02-15,0.0,0.0,0.0,0.0,0.0,STP7
2020-02-16,0.0,0.0,0.0,0.0,0.0,STP7
2020-02-17,0.0,0.0,0.0,0.0,0.0,STP7
2020-02-18,0.0,0.0,0.0,0.0,0.0,STP7
2020-02-19,0.0,0.0,0.0,0.0,0.0,STP7
2020-02-20,0.0,0.0,0.0,0.0,0.0,STP7
2020-02-21,0.0,0.0,0.0,0.0,0.0,STP7
2020-02-22,0.0,1.0,0.0,0.0,0.0,STP7
2020-02-23,0.0,0.0,0.0,0.0,0.0,STP7
2020-02-24,0.0,0.0,0.0,0.0,0.0,STP7
2020-02-25,0.0,0.0,0.0,0.0,0.0,STP7
2020-02-26,1.0,0.0,0.0,0.0,0.0,STP7
2020-02-27,0.0,0.0,0.0,0.0,0.0,STP7
2020-02-28,0.0,0.0,0.0,0.0,0.0,STP7
2020-02-29,0.0,0.0,0.0,0.0,0.0,STP7
2020-03-01,0.0,0.0,0.0,0.0,0.0,STP7
2020-03-02,0.0,0.0,0.0,0.0,0.0,STP7
2020-03-03,0.0,0.0,0.0,0.0,0.0,STP7
2020-03-04,0.0,0.0,1.0,0.0,0.0,STP7
2020-03-05,0.0,0.0,0.0,0.0,0.0,STP7
2020-03-06,0.0,0.0,0.0,0.0,1.0,STP7
2020-03-07,0.0,0.0,0.0,0.0,0.0,STP7
2020-03-08,0.0,0.0,0.0,0.0,0.0,STP7
2020-03-09,0.0,0.0,0.0,0.0,0.0,STP7
2020-03-10,0.0,0.0,0.0,0.0,0.0,STP7
2020-03-11,0.0,0.0,0.0,0.0,0.0,STP7
2020-03-12,0.0,0.0,0.0,0.0,1.0,STP7
2020-03-13,0.0,1.0,0.0,0.0,0.0,STP7
2020-03-14,0.0,0.0,0.0,0.0,0.0,STP7
2020-03-15,0.0,0.0,0.0,0.0,0.0,STP7
2020-03-16,0.0,0.0,0.0,0.0,0.0,STP7
2020-03-17,2.0,0.0,0.0,1.0,0.0,STP7
2020-03-18,0.0,0.0,0.0,0.0,0.0,STP7
2020-03-19,0.0,0.0,0.0,0.0,0.0,STP7
2020-03-20,0.0,0.0,0.0,0.0,0.0,STP7
2020-03-21,0.0,0.0,0.0,0.0,0.0,STP7
2020-03-22,0.0,0.0,0.0,1.0,0.0,STP7
2020-03-23,0.0,0.0,0.0,1.0,0.0,STP7
2020-03-24,0.0,0.0,1.0,1.0,0.0,STP7
2020-03-25,1.0,0.0,0.0,0.0,0.0,STP7
2020-03-26,0.0,0.0,0.0,0.0,1.0,STP7
2020-03-27,1.0,0.0,0.0,0.0,0.0,STP7
2020-03-28,0.0,0.0,0.0,0.0,0.0,STP7
2020-03-29,0.0,0.0,0.0,2.0,0.0,STP7
2020-03-30,0.0,0.0,0.0,0.0,1.0,STP7
2020-03-31,0.0,0.0,0.0,0.0,0.0,STP7
2020-04-01,1.0,1.0,0.0,0.0,0.0,STP7
2020-04-02,0.0,1.0,0.0,0.0,0.0,STP7
2020-04-03,0.0,0.0,0.0,0.0,0.0,STP7
2020-04-04,0.0,0.0,0.0,1.0,0.0,STP7
2020-04-05,0.0,0.0,0.0,0.0,1.0,STP7
2020-04-06,0.0,0.0,0.0,1.0,1.0,STP7
2020-04-07,1.0,1.0,0.0,1.0,0.0,STP7
2020-04-08,2.0,1.0,0.0,2.0,0.0,STP7
2020-04-09,1.0,0.0,1.0,0.0,0.0,STP7
2020-04-10,1.0,0.0,0.0,0.0,0.0,STP7
2020-04-11,0.0,1.0,0.0,1.0,0.0,STP7
2020-04-12,2.0,0.0,0.0,1.0,1.0,STP7
2020-04-13,1.0,0.0,0.0,2.0,0.0,STP7
2020-04-14,1.0,1.0,0.0,0.0,0.0,STP7
2020-04-15,0.0,0.0,0.0,0.0,1.0,STP7
2020-04-16,0.0,0.0,0.0,2.0,2.0,STP7
2020-04-17,1.0,1.0,1.0,0.0,1.0,STP7
2020-04-18,3.0,3.0,0.0,1.0,2.0,STP7
2020-04-19,0.0,1.0,0.0,2.0,0.0,STP7
2020-04-20,0.0,3.0,0.0,0.0,1.0,STP7
2020-04-21,2.0,0.0,0.0,1.0,0.0,STP7
2020-04-22,1.0,0.0,0.0,0.0,0.0,STP7
2020-04-23,1.0,0.0,0.0,3.0,1.0,STP7
2020-04-24,2.0,1.0,0.0,0.0,2.0,STP7
2020-04-25,1.0,2.0,0.0,1.0,1.0,STP7
2020-04-26,2.0,2.0,0.0,3.0,0.0,STP7
2020-04-27,1.0,3.0,1.0,1.0,0.0,STP7
2020-04-28,0.0,3.0,2.0,3.0,0.0,STP7
2020-04-29,2.0,1.0,0.0,4.0,0.0,STP7
2020-04-30,4.0,2.0,1.0,3.0,2.0,STP7
2020-05-01,2.0,2.0,1.0,2.0,2.0,STP7
2020-05-02,3.0,0.0,0.0,2.0,1.0,STP7
2020-05-03,6.0,3.0,1.0,3.0,1.0,STP7
2020-05-04,2.0,1.0,0.0,4.0,1.0,STP7
2020-05-05,1.0,3.0,0.0,1.0,2.0,STP7
2020-05-06,0.0,4.0,0.0,6.0,1.0,STP7
2020-05-07,3.0,4.0,0.0,2.0,1.0,STP7
2020-05-08,8.0,4.0,2.0,2.0,2.0,STP7
2020-05-09,3.0,5.0,1.0,5.0,2.0,STP7
2020-05-10,0.0,3.0,1.0,5.0,2.0,STP7
2020-05-11,8.0,4.0,2.0,5.0,3.0,STP7
2020-05-12,3.0,9.0,2.0,7.0,1.0,STP7
2020-05-13,4.0,9.0,1.0,3.0,2.0,STP7
2020-05-14,8.0,6.0,0.0,4.0,3.0,STP7
2020-05-15,5.0,5.0,1.0,2.0,1.0,STP7
2020-05-16,6.0,10.0,5.0,4.0,2.0,STP7
2020-05-17,5.0,5.0,2.0,4.0,5.0,STP7
2020-05-18,5.0,3.0,3.0,9.0,4.0,STP7
2020-05-19,5.0,5.0,3.0,11.0,4.0,STP7
2020-05-20,4.0,2.0,1.0,9.0,5.0,STP7
2020-05-21,12.0,14.0,3.0,6.0,4.0,STP7
2020-05-22,4.0,14.0,1.0,8.0,2.0,STP7
2020-05-23,7.0,9.0,1.0,10.0,7.0,STP7
2020-05-24,11.0,13.0,0.0,13.0,2.0,STP7
2020-05-25,9.0,11.0,1.0,13.0,4.0,STP7
2020-05-26,14.0,14.0,1.0,7.0,6.0,STP7
2020-05-27,13.0,17.0,6.0,14.0,2.0,STP7
2020-05-28,19.0,14.0,3.0,18.0,11.0,STP7
2020-05-29,18.0,17.0,2.0,17.0,6.0,STP7
2020-05-30,19.0,13.0,3.0,15.0,7.0,STP7
2020-05-31,18.0,16.0,5.0,16.0,7.0,STP7
2020-06-01,23.0,21.0,6.0,10.0,5.0,STP7
2020-06-02,19.0,23.0,4.0,23.0,0.0,STP7
2020-06-03,17.0,25.0,8.0,15.0,0.0,STP7
2020-06-04,22.0,28.0,3.0,19.0,0.0,STP7
2020-06-05,26.0,16.0,4.0,24.0,0.0,STP7
2020-06-06,25.0,23.0,8.0,20.0,0.0,STP7
2020-06-07,34.0,24.0,12.0,26.0,0.0,STP7
2020-06-08,29.0,25.0,9.0,29.0,0.0,STP7
2020-06-09,28.0,22.0,12.0,32.0,0.0,STP7
2020-06-10,28.0,37.0,10.0,32.0,0.0,STP7
2020-06-11,40.0,49.0,12.0,45.0,0.0,STP7
2020-06-12,38.0,48.0,13.0,28.0,0.0,STP7
2020-06-13,41.0,47.0,9.0,39.0,0.0,STP7
2020-06-14,41.0,40.0,18.0,53.0,0.0,STP7
2020-06-15,47.0,53.0,21.0,43.0,0.0,STP7
2020-06-16,41.0,55.0,15.0,55.0,0.0,STP7
2020-06-17,57.0,55.0,20.0,53.0,0.0,STP7
2020-06-18,67.0,52.0,18.0,49.0,0.0,STP7
2020-06-19,67.0,61.0,19.0,59.0,0.0,STP7
2020-06-20,62.0,65.0,33.0,71.0,0.0,STP7
2020-06-21,77.0,82.0,30.0,64.0,0.0,STP7
2020-06-22,63.0,94.0,32.0,65.0,0.0,STP7
2020-06-23,85.0,62.0,20.0,71.0,0.0,STP7
2020-06-24,84.0,79.0,36.0,82.0,0.0,STP7
2020-06-25,108.0,106.0,25.0,96.0,0.0,STP7
2020-06-26,109.0,88.0,44.0,106.0,0.0,STP7
2020-06-27,108.0,99.0,34.0,88.0,0.0,STP7
2020-06-28,120.0,123.0,40.0,122.0,0.0,STP7
2020-06-29,124.0,123.0,43.0,133.0,0.0,STP7
2020-06-30,123.0,120.0,42.0,121.0,0.0,STP7
2020-07-01,0.0,0.0,39.0,0.0,0.0,STP7
2020-02-01,0.0,0.0,0.0,0.0,0.0,STP8
2020-02-02,0.0,0.0,0.0,0.0,0.0,STP8
2020-02-03,0.0,0.0,0.0,0.0,0.0,STP8
2020-02-04,0.0,0.0,0.0,0.0,0.0,STP8
2020-02-05,0.0,0.0,0.0,0.0,0.0,STP8
2020-02-06,0.0,0.0,0.0,0.0,0.0,STP8
2020-02-07,0.0,0.0,0.0,0.0,0.0,STP8
2020-02-08,0.0,0.0,0.0,0.0,0.0,STP8
2020-02-09,0.0,0.0,0.0,0.0,0.0,STP8
2020-02-10,0.0,0.0,0.0,0.0,0.0,STP8
2020-02-11,0.0,0.0,0.0,0.0,0.0,STP8
2020-02-12,0.0,0.0,0.0,0.0,0.0,STP8
2020-02-13,0.0,0.0,0.0,0.0,0.0,STP8
2020-02-14,0.0,0.0,0.0,0.0,0.0,STP8
2020-02-15,0.0,0.0,0.0,0.0,0.0,STP8
2020-02-16,0.0,0.0,0.0,0.0,0.0,STP8
2020-02-17,0.0,0.0,0.0,0.0,0.0,STP8
2020-02-18,0.0,0.0,0.0,0.0,1.0,STP8
2020-02-19,0.0,0.0,0.0,0.0,0.0,STP8
2020-02-20,0.0,0.0,0.0,0.0,0.0,STP8
2020-02-21,0.0,0.0,0.0,0.0,0.0,STP8
2020-02-22,0.0,0.0,0.0,0.0,0.0,STP8
2020-02-23,0.0,0.0,0.0,0.0,0.0,STP8
2020-02-24,0.0,0.0,0.0,0.0,0.0,STP8
2020-02-25,0.0,0.0,0.0,0.0,0.0,STP8
2020-02-26,0.0,0.0,0.0,0.0,0.0,STP8
2020-02-27,0.0,0.0,0.0,0.0,0.0,STP8
2020-02-28,0.0,0.0,0.0,0.0,0.0,STP8
2020-02-29,0.0,0.0,0.0,0.0,0.0,STP8
2020-03-01,0.0,0.0,0.0,0.0,0.0,STP8
2020-03-02,0.0,0.0,0.0,0.0,0.0,STP8
2020-03-03,0.0,0.0,0.0,0.0,0.0,STP8
2020-03-04,0.0,0.0,0.0,0.0,0.0,STP8
2020-03-05,0.0,0.0,0.0,0.0,0.0,STP8
2020-03-06,0.0,0.0,0.0,1.0,0.0,STP8
2020-03-07,0.0,0.0,0.0,0.0,0.0,STP8
2020-03-08,0.0,0.0,0.0,0.0,0.0,STP8
2020-03-09,0.0,0.0,0.0,0.0,0.0,STP8
2020-03-10,0.0,0.0,0.0,1.0,0.0,STP8
2020-03-11,0.0,0.0,0.0,0.0,0.0,STP8
2020-03-12,1.0,0.0,0.0,0.0,0.0,STP8
2020-03-13,1.0,0.0,0.0,0.0,0.0,STP8
2020-03-14,0.0,0.0,0.0,0.0,0.0,STP8
2020-03-15,0.0,0.0,0.0,0.0,0.0,STP8
2020-03-16,0.0,0.0,0.0,0.0,0.0,STP8
2020-03-17,0.0,0.0,0.0,0.0,0.0,STP8
2020-03-18,0.0,0.0,0.0,0.0,1.0,STP8
2020-03-19,0.0,0.0,0.0,0.0,0.0,STP8
2020-03-20,1.0,1.0,0.0,1.0,0.0,STP8
2020-03-21,1.0,0.0,0.0,0.0,0.0,STP8
2020-03-22,0.0,0.0,0.0,0.0,0.0,STP8
2020-03-23,0.0,0.0,0.0,0.0,1.0,STP8
2020-03-24,0.0,0.0,0.0,2.0,0.0,STP8
2020-03-25,0.0,0.0,0.0,0.0,0.0,STP8
2020-03-26,0.0,1.0,0.0,1.0,0.0,STP8
2020-03-27,0.0,1.0,0.0,0.0,0.0,STP8
2020-03-28,0.0,0.0,0.0,1.0,1.0,STP8
2020-03-29,1.0,0.0,0.0,0.0,0.0,STP8
2020-03-30,1.0,0.0,0.0,0.0,0.0,STP8
2020-03-31,0.0,0.0,0.0,0.0,0.0,STP8
2020-04-01,1.0,2.0,0.0,0.0,0.0,STP8
2020-04-02,0.0,0.0,0.0,3.0,0.0,STP8
2020-04-03,0.0,0.0,0.0,0.0,0.0,STP8
2020-04-04,1.0,0.0,0.0,0.0,2.0,STP8
2020-04-05,0.0,2.0,0.0,3.0,0.0,STP8
2020-04-06,1.0,0.0,0.0,0.0,0.0,STP8
2020-04-07,0.0,0.0,0.0,0.0,0.0,STP8
2020-04-08,0.0,0.0,0.0,0.0,0.0,STP8
2020-04-09,2.0,1.0,1.0,0.0,1.0,STP8
2020-04-10,0.0,0.0,0.0,1.0,0.0,STP8
2020-04-11,0.0,0.0,0.0,0.0,0.0,STP8
2020-04-12,0.0,3.0,0.0,0.0,0.0,STP8
2020-04-13,1.0,0.0,0.0,0.0,2.0,STP8
2020-04-14,0.0,0.0,0.0,0.0,0.0,STP8
2020-04-15,1.0,1.0,0.0,1.0,1.0,STP8
2020-04-16,0.0,1.0,0.0,0.0,1.0,STP8
2020-04-17,0.0,1.0,0.0,0.0,0.0,STP8
2020-04-18,0.0,0.0,1.0,3.0,0.0,STP8
2020-04-19,1.0,0.0,1.0,1.0,0.0,STP8
2020-04-20,1.0,0.0,1.0,2.0,0.0,STP8
2020-04-21,3.0,1.0,0.0,1.0,0.0,STP8
2020-04-22,2.0,0.0,0.0,0.0,1.0,STP8
2020-04-23,0.0,0.0,1.0,1.0,0.0,STP8
2020-04-24,1.0,1.0,1.0,0.0,0.0,STP8
2020-04-25,0.0,3.0,0.0,2.0,2.0,STP8
2020-04-26,4.0,2.0,1.0,1.0,2.0,STP8
2020-04-27,2.0,2.0,0.0,2.0,3.0,STP8
2020-04-28,4.0,2.0,0.0,2.0,1.0,STP8
2020-04-29,4.0,2.0,0.0,0.0,3.0,STP8
2020-04-30,2.0,0.0,0.0,6.0,1.0,STP8
2020-05-01,4.0,1.0,0.0,4.0,2.0,STP8
2020-05-02,0.0,5.0,1.0,2.0,2.0,STP8
2020-05-03,2.0,1.0,0.0,1.0,1.0,STP8
2020-05-04,2.0,6.0,1.0,3.0,2.0,STP8
2020-05-05,3.0,3.0,1.0,5.0,3.0,STP8
2020-05-06,2.0,2.0,2.0,5.0,0.0,STP8
2020-05-07,2.0,4.0,1.0,2.0,2.0,STP8
2020-05-08,3.0,4.0,0.0,5.0,2.0,STP8
2020-05-09,2.0,5.0,0.0,3.0,3.0,STP8
2020-05-10,3.0,7.0,0.0,1.0,2.0,STP8
2020-05-11,7.0,2.0,0.0,7.0,0.0,STP8
2020-05-12,6.0,5.0,2.0,4.0,3.0,STP8
2020-05-13,4.0,11.0,4.0,6.0,3.0,STP8
2020-05-14,8.0,5.0,1.0,2.0,2.0,STP8
2020-05-15,4.0,7.0,3.0,11.0,5.0,STP8
2020-05-16,5.0,6.0,3.0,7.0,2.0,STP8
2020-05-17,5.0,13.0,1.0,7.0,5.0,STP8
2020-05-18,6.0,8.0,2.0,4.0,3.0,STP8
2020-05-19,9.0,10.0,1.0,6.0,4.0,STP8
2020-05-20,8.0,8.0,0.0,8.0,6.0,STP8
2020-05-21,7.0,12.0,2.0,8.0,8.0,STP8
2020-05-22,12.0,16.0,1.0,15.0,4.0,STP8
2020-05-23,11.0,10.0,5.0,16.0,2.0,STP8
2020-05-24,11.0,11.0,1.0,18.0,7.0,STP8
2020-05-25,6.0,9.0,1.0,15.0,3.0,STP8
2020-05-26,13.0,16.0,2.0,7.0,5.0,STP8
2020-05-27,14.0,11.0,3.0,11.0,10.0,STP8
2020-05-28,12.0,16.0,6.0,13.0,8.0,STP8
2020-05-29,18.0,19.0,1.0,13.0,3.0,STP8
2020-05-30,21.0,20.0,5.0,12.0,3.0,STP8
2020-05-31,21.0,17.0,5.0,18.0,6.0,STP8
2020-06-01,20.0,18.0,6.0,19.0,8.0,STP8
2020-06-02,22.0,11.0,3.0,19.0,0.0,STP8
2020-06-03,21.0,30.0,4.0,27.0,0.0,STP8
2020-06-04,30.0,20.0,3.0,17.0,0.0,STP8
2020-06-05,15.0,23.0,17.0,29.0,0.0,STP8
2020-06-06,20.0,23.0,7.0,29.0,0.0,STP8
2020-06-07,22.0,23.0,4.0,39.0,0.0,STP8
2020-06-08,31.0,29.0,9.0,28.0,0.0,STP8
2020-06-09,31.0,40.0,8.0,31.0,0.0,STP8
2020-06-10,29.0,39.0,15.0,28.0,0.0,STP8
2020-06-11,32.0,27.0,9.0,35.0,0.0,STP8
2020-06-12,39.0,50.0,15.0,40.0,0.0,STP8
2020-06-13,45.0,35.0,14.0,45.0,0.0,STP8
2020-06-14,54.0,50.0,18.0,38.0,0.0,STP8
2020-06-15,37.0,48.0,13.0,42.0,0.0,STP8
2020-06-16,37.0,53.0,18.0,57.0,0.0,STP8
2020-06-17,45.0,41.0,20.0,58.0,0.0,STP8
2020-06-18,59.0,47.0,25.0,66.0,0.0,STP8
2020-06-19,73.0,58.0,25.0,54.0,0.0,STP8
2020-06-20,64.0,65.0,34.0,75.0,0.0,STP8
2020-06-21,72.0,73.0,28.0,79.0,0.0,STP8
2020-06-22,54.0,69.0,24.0,84.0,0.0,STP8
2020-06-23,87.0,78.0,23.0,90.0,0.0,STP8
2020-06-24,75.0,98.0,35.0,91.0,0.0,STP8
2020-06-25,103.0,80.0,35.0,80.0,0.0,STP8
2020-06-26,100.0,108.0,31.0,96.0,0.0,STP8
2020-06-27,93.0,114.0,36.0,108.0,0.0,STP8
2020-06-28,113.0,120.0,31.0,106.0,0.0,STP8
2020-06-29,129.0,141.0,34.0,125.0,0.0,STP8
2020-06-30,135.0,131.0,46.0,126.0,0.0,STP8
2020-07-01,0.0,0.0,45.0,0.0,0.0,STP8
2020-02-01,0.0,0.0,0.0,0.0,0.0,STP9
2020-02-02,0.0,0.0,0.0,0.0,0.0,STP9
2020-02-03,0.0,0.0,0.0,0.0,0.0,STP9
2020-02-04,0.0,0.0,0.0,0.0,0.0,STP9
2020-02-05,0.0,0.0,0.0,0.0,0.0,STP9
2020-02-06,0.0,0.0,0.0,0.0,0.0,STP9
2020-02-07,0.0,0.0,0.0,0.0,0.0,STP9
2020-02-08,0.0,0.0,0.0,0.0,0.0,STP9
2020-02-09,0.0,0.0,0.0,0.0,0.0,STP9
2020-02-10,0.0,0.0,0.0,0.0,0.0,STP9
2020-02-11,0.0,0.0,0.0,0.0,0.0,STP9
2020-02-12,0.0,0.0,0.0,0.0,0.0,STP9
2020-02-13,0.0,0.0,0.0,0.0,0.0,STP9
2020-02-14,0.0,0.0,0.0,0.0,0.0,STP9
2020-02-15,0.0,0.0,0.0,0.0,0.0,STP9
2020-02-16,0.0,0.0,0.0,0.0,0.0,STP9
2020-02-17,0.0,0.0,0.0,0.0,0.0,STP9
2020-02-18,0.0,0.0,0.0,0.0,0.0,STP9
2020-02-19,0.0,0.0,0.0,0.0,0.0,STP9
2020-02-20,0.0,0.0,0.0,0.0,0.0,STP9
2020-02-21,0.0,0.0,0.0,0.0,0.0,STP9
2020-02-22,0.0,0.0,0.0,0.0,0.0,STP9
2020-02-23,0.0,0.0,0.0,0.0,0.0,STP9
2020-02-24,0.0,0.0,0.0,0.0,0.0,STP9
2020-02-25,0.0,0.0,0.0,0.0,0.0,STP9
2020-02-26,0.0,0.0,0.0,0.0,0.0,STP9
2020-02-27,0.0,0.0,0.0,0.0,0.0,STP9
2020-02-28,0.0,0.0,0.0,0.0,0.0,STP9
2020-02-29,0.0,0.0,0.0,0.0,0.0,STP9
2020-03-01,0.0,0.0,0.0,0.0,0.0,STP9
2020-03-02,0.0,0.0,0.0,0.0,0.0,STP9
2020-03-03,0.0,0.0,0.0,0.0,0.0,STP9
2020-03-04,0.0,0.0,0.0,0.0,0.0,STP9
2020-03-05,0.0,0.0,0.0,0.0,0.0,STP9
2020-03-06,0.0,0.0,0.0,0.0,0.0,STP9
2020-03-07,0.0,0.0,0.0,1.0,0.0,STP9
2020-03-08,0.0,0.0,0.0,0.0,0.0,STP9
2020-03-09,0.0,0.0,0.0,0.0,0.0,STP9
2020-03-10,0.0,0.0,0.0,1.0,0.0,STP9
2020-03-11,0.0,0.0,0.0,0.0,0.0,STP9
2020-03-12,0.0,0.0,0.0,0.0,0.0,STP9
2020-03-13,0.0,0.0,0.0,0.0,0.0,STP9
2020-03-14,0.0,1.0,0.0,0.0,0.0,STP9
2020-03-15,1.0,0.0,0.0,0.0,1.0,STP9
2020-03-16,0.0,0.0,0.0,0.0,0.0,STP9
2020-03-17,0.0,0.0,0.0,0.0,0.0,STP9
2020-03-18,0.0,0.0,0.0,0.0,0.0,STP9
2020-03-19,0.0,0.0,0.0,0.0,0.0,STP9
2020-03-20,1.0,0.0,0.0,0.0,0.0,STP9
2020-03-21,0.0,0.0,0.0,0.0,0.0,STP9
2020-03-22,0.0,0.0,0.0,0.0,0.0,STP9
2020-03-23,0.0,0.0,0.0,0.0,0.0,STP9
2020-03-24,0.0,0.0,0.0,0.0,0.0,STP9
2020-03-25,0.0,1.0,0.0,0.0,0.0,STP9
2020-03-26,0.0,0.0,0.0,0.0,0.0,STP9
2020-03-27,0.0,0.0,0.0,1.0,1.0,STP9
2020-03-28,0.0,0.0,1.0,0.0,0.0,STP9
2020-03-29,0.0,0.0,0.0,0.0,0.0,STP9
2020-03-30,1.0,0.0,0.0,1.0,0.0,STP9
2020-03-31,0.0,0.0,0.0,0.0,0.0,STP9
2020-04-01,1.0,0.0,0.0,0.0,2.0,STP9
2020-04-02,1.0,1.0,0.0,1.0,1.0,STP9
2020-04-03,2.0,0.0,1.0,0.0,0.0,STP9
2020-04-04,0.0,0.0,1.0,0.0,1.0,STP9
2020-04-05,0.0,1.0,0.0,0.0,0.0,STP9
2020-04-06,0.0,0.0,1.0,1.0,0.0,STP9
2020-04-07,0.0,0.0,0.0,0.0,0.0,STP9
2020-04-08,0.0,0.0,0.0,0.0,0.0,STP9
2020-04-09,0.0,1.0,0.0,1.0,0.0,STP9
2020-04-10,1.0,0.0,0.0,1.0,0.0,STP9
2020-04-11,1.0,0.0,0.0,1.0,2.0,STP9
2020-04-12,0.0,0.0,0.0,1.0,0.0,STP9
2020-04-13,2.0,2.0,0.0,0.0,0.0,STP9
2020-04-14,0.0,1.0,0.0,2.0,2.0,STP9
2020-04-15,2.0,0.0,0.0,1.0,0.0,STP9
2020-04-16,1.0,2.0,1.0,0.0,0.0,STP9
2020-04-17,1.0,0.0,0.0,0.0,1.0,STP9
2020-04-18,0.0,0.0,0.0,1.0,1.0,STP9
2020-04-19,0.0,0.0,0.0,0.0,0.0,STP9
2020-04-20,0.0,2.0,0.0,2.0,0.0,STP9
2020-04-21,0.0,0.0,1.0,1.0,0.0,STP9
2020-04-22,1.0,2.0,0.0,2.0,1.0,STP9
2020-04-23,2.0,1.0,1.0,2.0,0.0,STP9
2020-04-24,1.0,1.0,0.0,0.0,0.0,STP9
2020-04-25,1.0,3.0,1.0,4.0,1.0,STP9
2020-04-26,4.0,3.0,0.0,1.0,3.0,STP9
2020-04-27,0.0,2.0,1.0,1.0,1.0,STP9
2020-04-28,1.0,0.0,0.0,1.0,1.0,STP9
2020-04-29,1.0,2.0,0.0,2.0,1.0,STP9
2020-04-30,1.0,3.0,1.0,5.0,1.0,STP9
2020-05-01,4.0,1.0,1.0,2.0,0.0,STP9
2020-05-02,6.0,1.0,0.0,1.0,1.0,STP9
2020-05-03,1.0,1.0,0.0,3.0,1.0,STP9
2020-05-04,2.0,5.0,0.0,2.0,2.0,STP9
2020-05-05,2.0,4.0,1.0,2.0,2.0,STP9
2020-05-06,7.0,1.0,0.0,5.0,3.0,STP9
2020-05-07,4.0,2.0,0.0,6.0,0.0,STP9
2020-05-08,3.0,5.0,2.0,3.0,0.0,STP9
2020-05-09,8.0,4.0,1.0,2.0,1.0,STP9
2020-05-10,2.0,6.0,0.0,3.0,1.0,STP9
2020-05-11,5.0,4.0,0.0,6.0,4.0,STP9
2020-05-12,5.0,4.0,0.0,3.0,2.0,STP9
2020-05-13,2.0,7.0,0.0,7.0,2.0,STP9
2020-05-14,3.0,5.0,1.0,5.0,1.0,STP9
2020-05-15,5.0,5.0,0.0,4.0,2.0,STP9
2020-05-16,8.0,5.0,5.0,7.0,6.0,STP9
2020-05-17,5.0,9.0,4.0,4.0,7.0,STP9
2020-05-18,2.0,11.0,1.0,8.0,1.0,STP9
2020-05-19,10.0,4.0,2.0,8.0,5.0,STP9
2020-05-20,7.0,9.0,2.0,9.0,7.0,STP9
2020-05-21,7.0,14.0,1.0,10.0,2.0,STP9
2020-05-22,12.0,12.0,4.0,9.0,6.0,STP9
2020-05-23,13.0,13.0,2.0,12.0,7.0,STP9
2020-05-24,13.0,8.0,4.0,7.0,2.0,STP9
2020-05-25,14.0,13.0,4.0,7.0,2.0,STP9
2020-05-26,7.0,17.0,4.0,18.0,9.0,STP9
2020-05-27,21.0,12.0,1.0,9.0,6.0,STP9
2020-05-28,15.0,15.0,3.0,15.0,8.0,STP9
2020-05-29,16.0,13.0,6.0,24.0,6.0,STP9
2020-05-30,20.0,18.0,4.0,17.0,11.0,STP9
2020-05-31,17.0,25.0,6.0,16.0,5.0,STP9
2020-06-01,17.0,23.0,2.0,10.0,7.0,STP9
2020-06-02,23.0,16.0,5.0,19.0,0.0,STP9
2020-06-03,21.0,13.0,5.0,24.0,0.0,STP9
2020-06-04,35.0,24.0,3.0,35.0,0.0,STP9
2020-06-05,31.0,28.0,7.0,26.0,0.0,STP9
2020-06-06,25.0,23.0,8.0,29.0,0.0,STP9
2020-06-07,21.0,33.0,8.0,29.0,0.0,STP9
2020-06-08,30.0,26.0,8.0,35.0,0.0,STP9
2020-06-09,37.0,33.0,7.0,36.0,0.0,STP9
2020-06-10,29.0,37.0,15.0,47.0,0.0,STP9
2020-06-11,40.0,36.0,15.0,28.0,0.0,STP9
2020-06-12,34.0,36.0,10.0,34.0,0.0,STP9
2020-06-13,43.0,49.0,12.0,33.0,0.0,STP9
2020-06-14,47.0,50.0,14.0,51.0,0.0,STP9
2020-06-15,40.0,53.0,17.0,45.0,0.0,STP9
2020-06-16,47.0,48.0,21.0,58.0,0.0,STP9
2020-06-17,52.0,58.0,20.0,56.0,0.0,STP9
2020-06-18,53.0,73.0,16.0,63.0,0.0,STP9
2020-06-19,69.0,58.0,18.0,56.0,0.0,STP9
2020-06-20,64.0,80.0,17.0,59.0,0.0,STP9
2020-06-21,81.0,98.0,18.0,77.0,0.0,STP9
2020-06-22,73.0,64.0,20.0,75.0,0.0,STP9
2020-06-23,73.0,94.0,30.0,66.0,0.0,STP9
2020-06-24,74.0,91.0,26.0,93.0,0.0,STP9
2020-06-25,99.0,91.0,30.0,92.0,0.0,STP9
2020-06-26,93.0,119.0,31.0,88.0,0.0,STP9
2020-06-27,124.0,93.0,33.0,114.0,0.0,STP9
2020-06-28,114.0,113.0,38.0,115.0,0.0,STP9
2020-06-29,121.0,108.0,47.0,124.0,0.0,STP9
2020-06-30,132.0,135.0,35.0,146.0,0.0,STP9
2020-07-01,0.0,0.0,51.0,0.0,0.0,STP9
